-- MySQL dump 10.13  Distrib 5.7.18, for Linux (x86_64)
--
-- Host: localhost    Database: temp
-- ------------------------------------------------------
-- Server version	5.7.18-0ubuntu0.16.04.1

/*!40101 SET @OLD_CHARACTER_SET_CLIENT=@@CHARACTER_SET_CLIENT */;
/*!40101 SET @OLD_CHARACTER_SET_RESULTS=@@CHARACTER_SET_RESULTS */;
/*!40101 SET @OLD_COLLATION_CONNECTION=@@COLLATION_CONNECTION */;
/*!40101 SET NAMES utf8 */;
/*!40103 SET @OLD_TIME_ZONE=@@TIME_ZONE */;
/*!40103 SET TIME_ZONE='+00:00' */;
/*!40014 SET @OLD_UNIQUE_CHECKS=@@UNIQUE_CHECKS, UNIQUE_CHECKS=0 */;
/*!40014 SET @OLD_FOREIGN_KEY_CHECKS=@@FOREIGN_KEY_CHECKS, FOREIGN_KEY_CHECKS=0 */;
/*!40101 SET @OLD_SQL_MODE=@@SQL_MODE, SQL_MODE='NO_AUTO_VALUE_ON_ZERO' */;
/*!40111 SET @OLD_SQL_NOTES=@@SQL_NOTES, SQL_NOTES=0 */;

--
-- Table structure for table `remember`
--

DROP TABLE IF EXISTS `remember`;
/*!40101 SET @saved_cs_client     = @@character_set_client */;
/*!40101 SET character_set_client = utf8 */;
CREATE TABLE `remember` (
  `remember_id` varchar(100) NOT NULL,
  `username` varchar(50) NOT NULL,
  `created` timestamp NOT NULL DEFAULT CURRENT_TIMESTAMP,
  PRIMARY KEY (`remember_id`)
) ENGINE=InnoDB DEFAULT CHARSET=utf8;
/*!40101 SET character_set_client = @saved_cs_client */;

--
-- Dumping data for table `remember`
--

LOCK TABLES `remember` WRITE;
/*!40000 ALTER TABLE `remember` DISABLE KEYS */;
/*!40000 ALTER TABLE `remember` ENABLE KEYS */;
UNLOCK TABLES;

--
-- Table structure for table `reply`
--

DROP TABLE IF EXISTS `reply`;
/*!40101 SET @saved_cs_client     = @@character_set_client */;
/*!40101 SET character_set_client = utf8 */;
CREATE TABLE `reply` (
  `reply_id` bigint(15) unsigned NOT NULL AUTO_INCREMENT,
  `topic_id` bigint(15) unsigned NOT NULL,
  `user_id` bigint(15) unsigned NOT NULL,
  `content` varchar(255) NOT NULL DEFAULT '',
  `content_type` tinyint(2) NOT NULL,
  `created` timestamp NOT NULL DEFAULT CURRENT_TIMESTAMP,
  PRIMARY KEY (`reply_id`)
) ENGINE=InnoDB AUTO_INCREMENT=46 DEFAULT CHARSET=utf8;
/*!40101 SET character_set_client = @saved_cs_client */;

--
-- Dumping data for table `reply`
--

LOCK TABLES `reply` WRITE;
/*!40000 ALTER TABLE `reply` DISABLE KEYS */;
INSERT INTO `reply` VALUES (1,9,264,'反正我们会飞, 飞的时候顺手扔到恒星里就好了',0,'2017-05-21 07:16:30'),(2,9,264,'/topic#9/chat/20170521/71afa094-d4f9-4b4e-996b-2677d34d9ccb_res07_attpic_brief.jpg',1,'2017-05-21 07:17:44'),(3,9,257,'可我们又不是都会飞',0,'2017-05-21 07:18:53'),(4,9,264,'那是你们的问题了',0,'2017-05-21 07:19:09'),(5,9,257,'幸亏我们是分散居住在各个地方, 垃圾没那么集中:)',0,'2017-05-21 07:19:41'),(6,9,264,'还好意思说, 就是这样垃圾才遍地都是',0,'2017-05-21 07:20:20'),(7,9,267,'为什么不考虑下怎么解决呢?',0,'2017-05-21 07:20:54'),(8,9,257,'/topic#9/chat/20170521/9fddb7da-f928-4152-85d0-67683e2d27a5_20163258282298677.jpg',1,'2017-05-21 07:21:48'),(9,9,257,'为什么不问下哥斯拉呢?',0,'2017-05-21 07:23:36'),(10,9,260,'啊?',0,'2017-05-21 07:23:52'),(11,9,260,'谁叫我啊?',0,'2017-05-21 07:24:07'),(12,9,257,'我也是醉了, 是哥斯拉',0,'2017-05-21 07:25:10'),(13,9,260,'这样啊, 那我先去解题了, 8',0,'2017-05-21 07:25:38'),(14,9,259,'其实找我也没用, 我是住在地球下面的',0,'2017-05-21 07:26:13'),(15,9,257,'看来问题无解了',0,'2017-05-21 07:27:06'),(16,9,261,'就像迪迦说的, 顺手扔到太阳就好了',0,'2017-05-21 07:27:37'),(17,9,261,'也许这是地球的叫法, 但扔到一些毁灭性的地方就不错\r\n而且看起来垃圾也不算太多, 至少还能挤出去/(ㄒoㄒ)/~~',0,'2017-05-21 07:28:43'),(18,9,264,'连1号大神都挺我了',0,'2017-05-21 07:29:41'),(19,9,264,'/topic#9/chat/20170521/1a122340-ade1-44a5-a898-9513b88ce2dd_timg.jpg',1,'2017-05-21 07:31:01'),(20,8,257,'有时候超人会打我们, 但我们也是为了生存啊',0,'2017-05-21 07:31:59'),(21,8,257,'有时候他们只是觉得我们样子不好看',0,'2017-05-21 07:32:27'),(22,8,257,'所以我觉得应该消除歧视',0,'2017-05-21 07:32:43'),(23,8,264,'可是你们会搞破坏啊?',0,'2017-05-21 07:33:20'),(24,8,257,'/topic#8/chat/20170521/37f6b60a-3eac-4b4b-8392-4855bfcdf77a_timg (1).jpg',1,'2017-05-21 07:35:05'),(25,8,257,'可能是为了寻找一些东西吧?',0,'2017-05-21 07:35:38'),(26,8,263,'寻找什么?食物?!',0,'2017-05-21 07:36:44'),(27,8,260,'有时候是草稿纸.....',0,'2017-05-21 07:37:16'),(28,8,257,'.......',0,'2017-05-21 07:37:35'),(29,8,1,'........',0,'2017-05-21 07:37:51'),(30,8,259,'.....',0,'2017-05-21 07:38:06'),(31,8,258,'........',0,'2017-05-21 07:38:29'),(32,8,258,'我竟无言以对',0,'2017-05-21 07:38:34'),(33,8,257,'连潜水的2号小怪兽都炸出来了',0,'2017-05-21 07:38:52'),(34,8,258,'............',0,'2017-05-21 07:42:41'),(35,8,258,'继续潜水',0,'2017-05-21 07:42:57'),(36,8,264,'打倒小怪兽',0,'2017-05-21 07:43:38'),(37,8,257,'你的言论很危险!!',0,'2017-05-21 07:43:53'),(39,8,257,'/topic#8/chat/20170521/42c4174c-f144-4cc3-a746-8b0b401c39f6_timg2.jpg',1,'2017-05-21 07:45:37'),(40,8,264,'好了好了, 我已经把我的建设性意见放在分享区了\r\n大家可以看看',0,'2017-05-21 07:46:26'),(41,8,257,'已举报',0,'2017-05-21 07:48:06'),(42,9,257,'/topic#9/chat/20170521/881a5f72-1cae-4fb6-b4d7-3203e4d7a05e_u=1474484978,3105102443&fm=23&gp=0.jpg',1,'2017-05-21 07:50:38'),(43,5,1,'恩',0,'2017-05-21 08:13:29'),(44,10,1,'分享',0,'2017-05-21 08:13:38'),(45,10,1,'分享',0,'2017-05-21 08:13:41');
/*!40000 ALTER TABLE `reply` ENABLE KEYS */;
UNLOCK TABLES;

--
-- Table structure for table `report`
--

DROP TABLE IF EXISTS `report`;
/*!40101 SET @saved_cs_client     = @@character_set_client */;
/*!40101 SET character_set_client = utf8 */;
CREATE TABLE `report` (
  `report_id` bigint(15) unsigned NOT NULL AUTO_INCREMENT,
  `user_id` bigint(15) unsigned NOT NULL,
  `content_id` bigint(15) unsigned NOT NULL,
  `content_type` tinyint(2) NOT NULL,
  `reason` varchar(100) NOT NULL DEFAULT '',
  `created` timestamp NOT NULL DEFAULT CURRENT_TIMESTAMP,
  PRIMARY KEY (`report_id`)
) ENGINE=InnoDB AUTO_INCREMENT=3 DEFAULT CHARSET=utf8;
/*!40101 SET character_set_client = @saved_cs_client */;

--
-- Dumping data for table `report`
--

LOCK TABLES `report` WRITE;
/*!40000 ALTER TABLE `report` DISABLE KEYS */;
INSERT INTO `report` VALUES (1,257,1,2,'暴力言论','2017-05-21 07:47:56'),(2,257,40,0,'虚假信息, 诱导下载','2017-05-21 07:48:20');
/*!40000 ALTER TABLE `report` ENABLE KEYS */;
UNLOCK TABLES;

--
-- Table structure for table `topic`
--

DROP TABLE IF EXISTS `topic`;
/*!40101 SET @saved_cs_client     = @@character_set_client */;
/*!40101 SET character_set_client = utf8 */;
CREATE TABLE `topic` (
  `topic_id` bigint(15) unsigned NOT NULL AUTO_INCREMENT,
  `title` varchar(100) NOT NULL,
  `description` varchar(255) NOT NULL DEFAULT '',
  `is_private` tinyint(2) NOT NULL DEFAULT '0',
  `creator_id` bigint(15) unsigned NOT NULL,
  `last_modify_id` bigint(15) unsigned NOT NULL,
  `reply_account` bigint(15) NOT NULL DEFAULT '0',
  `last_time` timestamp NOT NULL DEFAULT CURRENT_TIMESTAMP,
  `created` timestamp NOT NULL DEFAULT CURRENT_TIMESTAMP,
  PRIMARY KEY (`topic_id`)
) ENGINE=InnoDB AUTO_INCREMENT=268 DEFAULT CHARSET=utf8;
/*!40101 SET character_set_client = @saved_cs_client */;

--
-- Dumping data for table `topic`
--

LOCK TABLES `topic` WRITE;
/*!40000 ALTER TABLE `topic` DISABLE KEYS */;
INSERT INTO `topic` VALUES (4,'这是一个授权讨论区','授权讨论区内容01\r\n授权讨论区内容02\r\n授权讨论区内容03',1,1,1,0,'2017-05-21 06:39:59','2017-05-21 06:39:59'),(5,'只有授权小组的成员才可以访问这个讨论区','',1,1,1,1,'2017-05-21 08:13:29','2017-05-21 06:40:24'),(6,'或者权限为admin, root的才可以访问授权讨论区','',1,1,1,0,'2017-05-21 06:40:48','2017-05-21 06:40:48'),(7,'标题必选, 描述可选','',0,1,1,0,'2017-05-21 06:41:06','2017-05-21 06:41:06'),(8,'关于实现宇宙和平的一些探讨','请大家踊跃发言哈.\r\n不管是奥特曼还是小怪兽都可以提出你们的想法!\r\n水瓶座的围观路人也是可以参与的!!!',0,1,1,21,'2017-05-21 07:48:07','2017-05-21 06:48:02'),(9,'宇宙垃圾到底要怎么处理, 已经开始威胁奥特曼和小怪兽的生存安全了','据第三方组织的调查报告,\r\n宇宙垃圾已经遍布各大主要行星, 其中M87星云尤其严重.\r\n所以大家打算怎么处理?',0,1,1,20,'2017-05-21 07:50:39','2017-05-21 06:53:04'),(10,'小怪兽日常生活的分享','各位小怪兽请分享一下自己生活的日常',1,1,1,2,'2017-05-21 08:13:41','2017-05-21 06:54:44'),(11,'有多少奥特曼的底裤是穿在外面的?','超人也算',1,1,1,0,'2017-05-21 06:55:24','2017-05-21 06:55:24'),(12,'怎么看待迪迦打败卡密拉?','其他奥特曼能讲一下这件事的详细过程吗?',1,1,1,0,'2017-05-21 06:56:35','2017-05-21 06:56:35'),(13,'公开讨论区分页测试0号','',0,1,1,0,'2017-05-21 08:08:46','2017-05-21 08:08:46'),(14,'公开讨论区分页测试1号','',0,1,1,0,'2017-05-21 08:08:46','2017-05-21 08:08:46'),(15,'授权分页测试2号','',1,1,1,0,'2017-05-21 08:08:46','2017-05-21 08:08:46'),(16,'授权分页测试3号','',1,1,1,0,'2017-05-21 08:08:47','2017-05-21 08:08:47'),(17,'公开讨论区分页测试4号','',0,1,1,0,'2017-05-21 08:08:47','2017-05-21 08:08:47'),(18,'公开讨论区分页测试5号','',0,1,1,0,'2017-05-21 08:08:48','2017-05-21 08:08:48'),(19,'授权分页测试6号','',1,1,1,0,'2017-05-21 08:08:48','2017-05-21 08:08:48'),(20,'授权分页测试7号','',1,1,1,0,'2017-05-21 08:08:49','2017-05-21 08:08:49'),(21,'授权分页测试8号','',1,1,1,0,'2017-05-21 08:08:50','2017-05-21 08:08:50'),(22,'授权分页测试9号','',1,1,1,0,'2017-05-21 08:08:51','2017-05-21 08:08:51'),(23,'公开讨论区分页测试10号','',0,1,1,0,'2017-05-21 08:08:51','2017-05-21 08:08:51'),(24,'公开讨论区分页测试11号','',0,1,1,0,'2017-05-21 08:08:52','2017-05-21 08:08:52'),(25,'公开讨论区分页测试12号','',0,1,1,0,'2017-05-21 08:08:52','2017-05-21 08:08:52'),(26,'授权分页测试13号','',1,1,1,0,'2017-05-21 08:08:53','2017-05-21 08:08:53'),(27,'公开讨论区分页测试14号','',0,1,1,0,'2017-05-21 08:08:53','2017-05-21 08:08:53'),(28,'公开讨论区分页测试15号','',0,1,1,0,'2017-05-21 08:08:54','2017-05-21 08:08:54'),(29,'公开讨论区分页测试16号','',0,1,1,0,'2017-05-21 08:08:55','2017-05-21 08:08:55'),(30,'授权分页测试17号','',1,1,1,0,'2017-05-21 08:08:55','2017-05-21 08:08:55'),(31,'授权分页测试18号','',1,1,1,0,'2017-05-21 08:08:56','2017-05-21 08:08:56'),(32,'授权分页测试19号','',1,1,1,0,'2017-05-21 08:08:56','2017-05-21 08:08:56'),(33,'授权分页测试20号','',1,1,1,0,'2017-05-21 08:08:57','2017-05-21 08:08:57'),(34,'授权分页测试21号','',1,1,1,0,'2017-05-21 08:08:57','2017-05-21 08:08:57'),(35,'授权分页测试22号','',1,1,1,0,'2017-05-21 08:08:57','2017-05-21 08:08:57'),(36,'授权分页测试23号','',1,1,1,0,'2017-05-21 08:08:58','2017-05-21 08:08:58'),(37,'公开讨论区分页测试24号','',0,1,1,0,'2017-05-21 08:08:58','2017-05-21 08:08:58'),(38,'授权分页测试25号','',1,1,1,0,'2017-05-21 08:08:58','2017-05-21 08:08:58'),(39,'公开讨论区分页测试26号','',0,1,1,0,'2017-05-21 08:08:59','2017-05-21 08:08:59'),(40,'公开讨论区分页测试27号','',0,1,1,0,'2017-05-21 08:08:59','2017-05-21 08:08:59'),(41,'公开讨论区分页测试28号','',0,1,1,0,'2017-05-21 08:09:00','2017-05-21 08:09:00'),(42,'授权分页测试29号','',1,1,1,0,'2017-05-21 08:09:00','2017-05-21 08:09:00'),(43,'授权分页测试30号','',1,1,1,0,'2017-05-21 08:09:00','2017-05-21 08:09:00'),(44,'授权分页测试31号','',1,1,1,0,'2017-05-21 08:09:01','2017-05-21 08:09:01'),(45,'公开讨论区分页测试32号','',0,1,1,0,'2017-05-21 08:09:02','2017-05-21 08:09:02'),(46,'授权分页测试33号','',1,1,1,0,'2017-05-21 08:09:02','2017-05-21 08:09:02'),(47,'授权分页测试34号','',1,1,1,0,'2017-05-21 08:09:03','2017-05-21 08:09:03'),(48,'授权分页测试35号','',1,1,1,0,'2017-05-21 08:09:03','2017-05-21 08:09:03'),(49,'授权分页测试36号','',1,1,1,0,'2017-05-21 08:09:04','2017-05-21 08:09:04'),(50,'公开讨论区分页测试37号','',0,1,1,0,'2017-05-21 08:09:04','2017-05-21 08:09:04'),(51,'授权分页测试38号','',1,1,1,0,'2017-05-21 08:09:04','2017-05-21 08:09:04'),(52,'公开讨论区分页测试39号','',0,1,1,0,'2017-05-21 08:09:05','2017-05-21 08:09:05'),(53,'公开讨论区分页测试40号','',0,1,1,0,'2017-05-21 08:09:05','2017-05-21 08:09:05'),(54,'公开讨论区分页测试41号','',0,1,1,0,'2017-05-21 08:09:06','2017-05-21 08:09:06'),(55,'公开讨论区分页测试42号','',0,1,1,0,'2017-05-21 08:09:07','2017-05-21 08:09:07'),(56,'授权分页测试43号','',1,1,1,0,'2017-05-21 08:09:08','2017-05-21 08:09:08'),(57,'授权分页测试44号','',1,1,1,0,'2017-05-21 08:09:08','2017-05-21 08:09:08'),(58,'公开讨论区分页测试45号','',0,1,1,0,'2017-05-21 08:09:08','2017-05-21 08:09:08'),(59,'公开讨论区分页测试46号','',0,1,1,0,'2017-05-21 08:09:08','2017-05-21 08:09:08'),(60,'授权分页测试47号','',1,1,1,0,'2017-05-21 08:09:09','2017-05-21 08:09:09'),(61,'授权分页测试48号','',1,1,1,0,'2017-05-21 08:09:10','2017-05-21 08:09:10'),(62,'授权分页测试49号','',1,1,1,0,'2017-05-21 08:09:10','2017-05-21 08:09:10'),(63,'公开讨论区分页测试50号','',0,1,1,0,'2017-05-21 08:09:10','2017-05-21 08:09:10'),(64,'授权分页测试51号','',1,1,1,0,'2017-05-21 08:09:10','2017-05-21 08:09:10'),(65,'授权分页测试52号','',1,1,1,0,'2017-05-21 08:09:11','2017-05-21 08:09:11'),(66,'授权分页测试53号','',1,1,1,0,'2017-05-21 08:09:11','2017-05-21 08:09:11'),(67,'公开讨论区分页测试54号','',0,1,1,0,'2017-05-21 08:09:11','2017-05-21 08:09:11'),(68,'公开讨论区分页测试55号','',0,1,1,0,'2017-05-21 08:09:12','2017-05-21 08:09:12'),(69,'公开讨论区分页测试56号','',0,1,1,0,'2017-05-21 08:09:12','2017-05-21 08:09:12'),(70,'授权分页测试57号','',1,1,1,0,'2017-05-21 08:09:13','2017-05-21 08:09:13'),(71,'授权分页测试58号','',1,1,1,0,'2017-05-21 08:09:14','2017-05-21 08:09:14'),(72,'授权分页测试59号','',1,1,1,0,'2017-05-21 08:09:15','2017-05-21 08:09:15'),(73,'公开讨论区分页测试60号','',0,1,1,0,'2017-05-21 08:09:15','2017-05-21 08:09:15'),(74,'公开讨论区分页测试61号','',0,1,1,0,'2017-05-21 08:09:16','2017-05-21 08:09:16'),(75,'公开讨论区分页测试62号','',0,1,1,0,'2017-05-21 08:09:16','2017-05-21 08:09:16'),(76,'公开讨论区分页测试63号','',0,1,1,0,'2017-05-21 08:09:17','2017-05-21 08:09:17'),(77,'公开讨论区分页测试64号','',0,1,1,0,'2017-05-21 08:09:17','2017-05-21 08:09:17'),(78,'公开讨论区分页测试65号','',0,1,1,0,'2017-05-21 08:09:18','2017-05-21 08:09:18'),(79,'公开讨论区分页测试66号','',0,1,1,0,'2017-05-21 08:09:18','2017-05-21 08:09:18'),(80,'授权分页测试67号','',1,1,1,0,'2017-05-21 08:09:19','2017-05-21 08:09:19'),(81,'公开讨论区分页测试68号','',0,1,1,0,'2017-05-21 08:09:20','2017-05-21 08:09:20'),(82,'授权分页测试69号','',1,1,1,0,'2017-05-21 08:09:21','2017-05-21 08:09:21'),(83,'公开讨论区分页测试70号','',0,1,1,0,'2017-05-21 08:09:21','2017-05-21 08:09:21'),(84,'授权分页测试71号','',1,1,1,0,'2017-05-21 08:09:21','2017-05-21 08:09:21'),(85,'公开讨论区分页测试72号','',0,1,1,0,'2017-05-21 08:09:22','2017-05-21 08:09:22'),(86,'公开讨论区分页测试73号','',0,1,1,0,'2017-05-21 08:09:22','2017-05-21 08:09:22'),(87,'授权分页测试74号','',1,1,1,0,'2017-05-21 08:09:22','2017-05-21 08:09:22'),(88,'授权分页测试75号','',1,1,1,0,'2017-05-21 08:09:23','2017-05-21 08:09:23'),(89,'授权分页测试76号','',1,1,1,0,'2017-05-21 08:09:23','2017-05-21 08:09:23'),(90,'授权分页测试77号','',1,1,1,0,'2017-05-21 08:09:24','2017-05-21 08:09:24'),(91,'授权分页测试78号','',1,1,1,0,'2017-05-21 08:09:24','2017-05-21 08:09:24'),(92,'授权分页测试79号','',1,1,1,0,'2017-05-21 08:09:24','2017-05-21 08:09:24'),(93,'授权分页测试80号','',1,1,1,0,'2017-05-21 08:09:25','2017-05-21 08:09:25'),(94,'公开讨论区分页测试81号','',0,1,1,0,'2017-05-21 08:09:25','2017-05-21 08:09:25'),(95,'公开讨论区分页测试82号','',0,1,1,0,'2017-05-21 08:09:26','2017-05-21 08:09:26'),(96,'授权分页测试83号','',1,1,1,0,'2017-05-21 08:09:26','2017-05-21 08:09:26'),(97,'授权分页测试84号','',1,1,1,0,'2017-05-21 08:09:26','2017-05-21 08:09:26'),(98,'公开讨论区分页测试85号','',0,1,1,0,'2017-05-21 08:09:27','2017-05-21 08:09:27'),(99,'公开讨论区分页测试86号','',0,1,1,0,'2017-05-21 08:09:28','2017-05-21 08:09:28'),(100,'公开讨论区分页测试87号','',0,1,1,0,'2017-05-21 08:09:29','2017-05-21 08:09:29'),(101,'公开讨论区分页测试88号','',0,1,1,0,'2017-05-21 08:09:29','2017-05-21 08:09:29'),(102,'公开讨论区分页测试89号','',0,1,1,0,'2017-05-21 08:09:30','2017-05-21 08:09:30'),(103,'授权分页测试90号','',1,1,1,0,'2017-05-21 08:09:30','2017-05-21 08:09:30'),(104,'授权分页测试91号','',1,1,1,0,'2017-05-21 08:09:31','2017-05-21 08:09:31'),(105,'授权分页测试92号','',1,1,1,0,'2017-05-21 08:09:32','2017-05-21 08:09:32'),(106,'公开讨论区分页测试93号','',0,1,1,0,'2017-05-21 08:09:32','2017-05-21 08:09:32'),(107,'授权分页测试94号','',1,1,1,0,'2017-05-21 08:09:33','2017-05-21 08:09:33'),(108,'公开讨论区分页测试95号','',0,1,1,0,'2017-05-21 08:09:33','2017-05-21 08:09:33'),(109,'公开讨论区分页测试96号','',0,1,1,0,'2017-05-21 08:09:33','2017-05-21 08:09:33'),(110,'授权分页测试97号','',1,1,1,0,'2017-05-21 08:09:34','2017-05-21 08:09:34'),(111,'授权分页测试98号','',1,1,1,0,'2017-05-21 08:09:35','2017-05-21 08:09:35'),(112,'公开讨论区分页测试99号','',0,1,1,0,'2017-05-21 08:09:35','2017-05-21 08:09:35'),(113,'授权分页测试100号','',1,1,1,0,'2017-05-21 08:09:36','2017-05-21 08:09:36'),(114,'公开讨论区分页测试101号','',0,1,1,0,'2017-05-21 08:09:36','2017-05-21 08:09:36'),(115,'公开讨论区分页测试102号','',0,1,1,0,'2017-05-21 08:09:37','2017-05-21 08:09:37'),(116,'公开讨论区分页测试103号','',0,1,1,0,'2017-05-21 08:09:37','2017-05-21 08:09:37'),(117,'公开讨论区分页测试104号','',0,1,1,0,'2017-05-21 08:09:38','2017-05-21 08:09:38'),(118,'授权分页测试105号','',1,1,1,0,'2017-05-21 08:09:38','2017-05-21 08:09:38'),(119,'授权分页测试106号','',1,1,1,0,'2017-05-21 08:09:39','2017-05-21 08:09:39'),(120,'授权分页测试107号','',1,1,1,0,'2017-05-21 08:09:39','2017-05-21 08:09:39'),(121,'授权分页测试108号','',1,1,1,0,'2017-05-21 08:09:40','2017-05-21 08:09:40'),(122,'授权分页测试109号','',1,1,1,0,'2017-05-21 08:09:41','2017-05-21 08:09:41'),(123,'授权分页测试110号','',1,1,1,0,'2017-05-21 08:09:41','2017-05-21 08:09:41'),(124,'公开讨论区分页测试111号','',0,1,1,0,'2017-05-21 08:09:41','2017-05-21 08:09:41'),(125,'授权分页测试112号','',1,1,1,0,'2017-05-21 08:09:41','2017-05-21 08:09:41'),(126,'授权分页测试113号','',1,1,1,0,'2017-05-21 08:09:42','2017-05-21 08:09:42'),(127,'授权分页测试114号','',1,1,1,0,'2017-05-21 08:09:43','2017-05-21 08:09:43'),(128,'公开讨论区分页测试115号','',0,1,1,0,'2017-05-21 08:09:43','2017-05-21 08:09:43'),(129,'授权分页测试116号','',1,1,1,0,'2017-05-21 08:09:43','2017-05-21 08:09:43'),(130,'授权分页测试117号','',1,1,1,0,'2017-05-21 08:09:44','2017-05-21 08:09:44'),(131,'授权分页测试118号','',1,1,1,0,'2017-05-21 08:09:45','2017-05-21 08:09:45'),(132,'授权分页测试119号','',1,1,1,0,'2017-05-21 08:09:45','2017-05-21 08:09:45'),(133,'公开讨论区分页测试120号','',0,1,1,0,'2017-05-21 08:09:45','2017-05-21 08:09:45'),(134,'授权分页测试121号','',1,1,1,0,'2017-05-21 08:09:46','2017-05-21 08:09:46'),(135,'授权分页测试122号','',1,1,1,0,'2017-05-21 08:09:46','2017-05-21 08:09:46'),(136,'授权分页测试123号','',1,1,1,0,'2017-05-21 08:09:46','2017-05-21 08:09:46'),(137,'公开讨论区分页测试124号','',0,1,1,0,'2017-05-21 08:09:47','2017-05-21 08:09:47'),(138,'公开讨论区分页测试125号','',0,1,1,0,'2017-05-21 08:09:48','2017-05-21 08:09:48'),(139,'授权分页测试126号','',1,1,1,0,'2017-05-21 08:09:48','2017-05-21 08:09:48'),(140,'授权分页测试127号','',1,1,1,0,'2017-05-21 08:09:49','2017-05-21 08:09:49'),(141,'公开讨论区分页测试128号','',0,1,1,0,'2017-05-21 08:09:49','2017-05-21 08:09:49'),(142,'授权分页测试129号','',1,1,1,0,'2017-05-21 08:09:49','2017-05-21 08:09:49'),(143,'授权分页测试130号','',1,1,1,0,'2017-05-21 08:09:50','2017-05-21 08:09:50'),(144,'授权分页测试131号','',1,1,1,0,'2017-05-21 08:09:50','2017-05-21 08:09:50'),(145,'授权分页测试132号','',1,1,1,0,'2017-05-21 08:09:51','2017-05-21 08:09:51'),(146,'授权分页测试133号','',1,1,1,0,'2017-05-21 08:09:51','2017-05-21 08:09:51'),(147,'授权分页测试134号','',1,1,1,0,'2017-05-21 08:09:51','2017-05-21 08:09:51'),(148,'授权分页测试135号','',1,1,1,0,'2017-05-21 08:09:52','2017-05-21 08:09:52'),(149,'公开讨论区分页测试136号','',0,1,1,0,'2017-05-21 08:09:52','2017-05-21 08:09:52'),(150,'公开讨论区分页测试137号','',0,1,1,0,'2017-05-21 08:09:52','2017-05-21 08:09:52'),(151,'公开讨论区分页测试138号','',0,1,1,0,'2017-05-21 08:09:53','2017-05-21 08:09:53'),(152,'授权分页测试139号','',1,1,1,0,'2017-05-21 08:09:54','2017-05-21 08:09:54'),(153,'公开讨论区分页测试140号','',0,1,1,0,'2017-05-21 08:09:55','2017-05-21 08:09:55'),(154,'公开讨论区分页测试141号','',0,1,1,0,'2017-05-21 08:09:55','2017-05-21 08:09:55'),(155,'授权分页测试142号','',1,1,1,0,'2017-05-21 08:09:55','2017-05-21 08:09:55'),(156,'公开讨论区分页测试143号','',0,1,1,0,'2017-05-21 08:09:56','2017-05-21 08:09:56'),(157,'公开讨论区分页测试144号','',0,1,1,0,'2017-05-21 08:09:57','2017-05-21 08:09:57'),(158,'公开讨论区分页测试145号','',0,1,1,0,'2017-05-21 08:09:57','2017-05-21 08:09:57'),(159,'授权分页测试146号','',1,1,1,0,'2017-05-21 08:09:58','2017-05-21 08:09:58'),(160,'公开讨论区分页测试147号','',0,1,1,0,'2017-05-21 08:09:58','2017-05-21 08:09:58'),(161,'公开讨论区分页测试148号','',0,1,1,0,'2017-05-21 08:09:59','2017-05-21 08:09:59'),(162,'公开讨论区分页测试149号','',0,1,1,0,'2017-05-21 08:09:59','2017-05-21 08:09:59'),(163,'公开讨论区分页测试150号','',0,1,1,0,'2017-05-21 08:10:00','2017-05-21 08:10:00'),(164,'授权分页测试151号','',1,1,1,0,'2017-05-21 08:10:00','2017-05-21 08:10:00'),(165,'公开讨论区分页测试152号','',0,1,1,0,'2017-05-21 08:10:00','2017-05-21 08:10:00'),(166,'授权分页测试153号','',1,1,1,0,'2017-05-21 08:10:00','2017-05-21 08:10:00'),(167,'授权分页测试154号','',1,1,1,0,'2017-05-21 08:10:01','2017-05-21 08:10:01'),(168,'公开讨论区分页测试155号','',0,1,1,0,'2017-05-21 08:10:01','2017-05-21 08:10:01'),(169,'公开讨论区分页测试156号','',0,1,1,0,'2017-05-21 08:10:02','2017-05-21 08:10:02'),(170,'公开讨论区分页测试157号','',0,1,1,0,'2017-05-21 08:10:03','2017-05-21 08:10:03'),(171,'公开讨论区分页测试158号','',0,1,1,0,'2017-05-21 08:10:03','2017-05-21 08:10:03'),(172,'公开讨论区分页测试159号','',0,1,1,0,'2017-05-21 08:10:04','2017-05-21 08:10:04'),(173,'授权分页测试160号','',1,1,1,0,'2017-05-21 08:10:05','2017-05-21 08:10:05'),(174,'公开讨论区分页测试161号','',0,1,1,0,'2017-05-21 08:10:05','2017-05-21 08:10:05'),(175,'公开讨论区分页测试162号','',0,1,1,0,'2017-05-21 08:10:05','2017-05-21 08:10:05'),(176,'公开讨论区分页测试163号','',0,1,1,0,'2017-05-21 08:10:06','2017-05-21 08:10:06'),(177,'授权分页测试164号','',1,1,1,0,'2017-05-21 08:10:06','2017-05-21 08:10:06'),(178,'授权分页测试165号','',1,1,1,0,'2017-05-21 08:10:07','2017-05-21 08:10:07'),(179,'公开讨论区分页测试166号','',0,1,1,0,'2017-05-21 08:10:07','2017-05-21 08:10:07'),(180,'授权分页测试167号','',1,1,1,0,'2017-05-21 08:10:07','2017-05-21 08:10:07'),(181,'公开讨论区分页测试168号','',0,1,1,0,'2017-05-21 08:10:08','2017-05-21 08:10:08'),(182,'公开讨论区分页测试169号','',0,1,1,0,'2017-05-21 08:10:09','2017-05-21 08:10:09'),(183,'授权分页测试170号','',1,1,1,0,'2017-05-21 08:10:09','2017-05-21 08:10:09'),(184,'公开讨论区分页测试171号','',0,1,1,0,'2017-05-21 08:10:09','2017-05-21 08:10:09'),(185,'授权分页测试172号','',1,1,1,0,'2017-05-21 08:10:09','2017-05-21 08:10:09'),(186,'授权分页测试173号','',1,1,1,0,'2017-05-21 08:10:10','2017-05-21 08:10:10'),(187,'公开讨论区分页测试174号','',0,1,1,0,'2017-05-21 08:10:10','2017-05-21 08:10:10'),(188,'授权分页测试175号','',1,1,1,0,'2017-05-21 08:10:10','2017-05-21 08:10:10'),(189,'公开讨论区分页测试176号','',0,1,1,0,'2017-05-21 08:10:10','2017-05-21 08:10:10'),(190,'公开讨论区分页测试177号','',0,1,1,0,'2017-05-21 08:10:11','2017-05-21 08:10:11'),(191,'授权分页测试178号','',1,1,1,0,'2017-05-21 08:10:11','2017-05-21 08:10:11'),(192,'公开讨论区分页测试179号','',0,1,1,0,'2017-05-21 08:10:12','2017-05-21 08:10:12'),(193,'公开讨论区分页测试180号','',0,1,1,0,'2017-05-21 08:10:13','2017-05-21 08:10:13'),(194,'公开讨论区分页测试181号','',0,1,1,0,'2017-05-21 08:10:14','2017-05-21 08:10:14'),(195,'公开讨论区分页测试182号','',0,1,1,0,'2017-05-21 08:10:14','2017-05-21 08:10:14'),(196,'授权分页测试183号','',1,1,1,0,'2017-05-21 08:10:15','2017-05-21 08:10:15'),(197,'公开讨论区分页测试184号','',0,1,1,0,'2017-05-21 08:10:15','2017-05-21 08:10:15'),(198,'公开讨论区分页测试185号','',0,1,1,0,'2017-05-21 08:10:15','2017-05-21 08:10:15'),(199,'公开讨论区分页测试186号','',0,1,1,0,'2017-05-21 08:10:15','2017-05-21 08:10:15'),(200,'授权分页测试187号','',1,1,1,0,'2017-05-21 08:10:16','2017-05-21 08:10:16'),(201,'公开讨论区分页测试188号','',0,1,1,0,'2017-05-21 08:10:16','2017-05-21 08:10:16'),(202,'公开讨论区分页测试189号','',0,1,1,0,'2017-05-21 08:10:17','2017-05-21 08:10:17'),(203,'授权分页测试190号','',1,1,1,0,'2017-05-21 08:10:17','2017-05-21 08:10:17'),(204,'授权分页测试191号','',1,1,1,0,'2017-05-21 08:10:18','2017-05-21 08:10:18'),(205,'授权分页测试192号','',1,1,1,0,'2017-05-21 08:10:18','2017-05-21 08:10:18'),(206,'授权分页测试193号','',1,1,1,0,'2017-05-21 08:10:18','2017-05-21 08:10:18'),(207,'授权分页测试194号','',1,1,1,0,'2017-05-21 08:10:19','2017-05-21 08:10:19'),(208,'公开讨论区分页测试195号','',0,1,1,0,'2017-05-21 08:10:19','2017-05-21 08:10:19'),(209,'授权分页测试196号','',1,1,1,0,'2017-05-21 08:10:19','2017-05-21 08:10:19'),(210,'授权分页测试197号','',1,1,1,0,'2017-05-21 08:10:20','2017-05-21 08:10:20'),(211,'公开讨论区分页测试198号','',0,1,1,0,'2017-05-21 08:10:20','2017-05-21 08:10:20'),(212,'公开讨论区分页测试199号','',0,1,1,0,'2017-05-21 08:10:21','2017-05-21 08:10:21'),(213,'公开讨论区分页测试200号','',0,1,1,0,'2017-05-21 08:10:21','2017-05-21 08:10:21'),(214,'授权分页测试201号','',1,1,1,0,'2017-05-21 08:10:22','2017-05-21 08:10:22'),(215,'授权分页测试202号','',1,1,1,0,'2017-05-21 08:10:22','2017-05-21 08:10:22'),(216,'公开讨论区分页测试203号','',0,1,1,0,'2017-05-21 08:10:23','2017-05-21 08:10:23'),(217,'授权分页测试204号','',1,1,1,0,'2017-05-21 08:10:23','2017-05-21 08:10:23'),(218,'授权分页测试205号','',1,1,1,0,'2017-05-21 08:10:24','2017-05-21 08:10:24'),(219,'公开讨论区分页测试206号','',0,1,1,0,'2017-05-21 08:10:25','2017-05-21 08:10:25'),(220,'授权分页测试207号','',1,1,1,0,'2017-05-21 08:10:25','2017-05-21 08:10:25'),(221,'公开讨论区分页测试208号','',0,1,1,0,'2017-05-21 08:10:26','2017-05-21 08:10:26'),(222,'公开讨论区分页测试209号','',0,1,1,0,'2017-05-21 08:10:26','2017-05-21 08:10:26'),(223,'公开讨论区分页测试210号','',0,1,1,0,'2017-05-21 08:10:27','2017-05-21 08:10:27'),(224,'授权分页测试211号','',1,1,1,0,'2017-05-21 08:10:27','2017-05-21 08:10:27'),(225,'授权分页测试212号','',1,1,1,0,'2017-05-21 08:10:28','2017-05-21 08:10:28'),(226,'授权分页测试213号','',1,1,1,0,'2017-05-21 08:10:28','2017-05-21 08:10:28'),(227,'授权分页测试214号','',1,1,1,0,'2017-05-21 08:10:28','2017-05-21 08:10:28'),(228,'授权分页测试215号','',1,1,1,0,'2017-05-21 08:10:29','2017-05-21 08:10:29'),(229,'公开讨论区分页测试216号','',0,1,1,0,'2017-05-21 08:10:30','2017-05-21 08:10:30'),(230,'授权分页测试217号','',1,1,1,0,'2017-05-21 08:10:30','2017-05-21 08:10:30'),(231,'公开讨论区分页测试218号','',0,1,1,0,'2017-05-21 08:10:31','2017-05-21 08:10:31'),(232,'授权分页测试219号','',1,1,1,0,'2017-05-21 08:10:31','2017-05-21 08:10:31'),(233,'授权分页测试220号','',1,1,1,0,'2017-05-21 08:10:31','2017-05-21 08:10:31'),(234,'授权分页测试221号','',1,1,1,0,'2017-05-21 08:10:32','2017-05-21 08:10:32'),(235,'公开讨论区分页测试222号','',0,1,1,0,'2017-05-21 08:10:33','2017-05-21 08:10:33'),(236,'公开讨论区分页测试223号','',0,1,1,0,'2017-05-21 08:10:33','2017-05-21 08:10:33'),(237,'授权分页测试224号','',1,1,1,0,'2017-05-21 08:10:34','2017-05-21 08:10:34'),(238,'公开讨论区分页测试225号','',0,1,1,0,'2017-05-21 08:10:35','2017-05-21 08:10:35'),(239,'授权分页测试226号','',1,1,1,0,'2017-05-21 08:10:35','2017-05-21 08:10:35'),(240,'授权分页测试227号','',1,1,1,0,'2017-05-21 08:10:35','2017-05-21 08:10:35'),(241,'公开讨论区分页测试228号','',0,1,1,0,'2017-05-21 08:10:36','2017-05-21 08:10:36'),(242,'公开讨论区分页测试229号','',0,1,1,0,'2017-05-21 08:10:36','2017-05-21 08:10:36'),(243,'授权分页测试230号','',1,1,1,0,'2017-05-21 08:10:37','2017-05-21 08:10:37'),(244,'授权分页测试231号','',1,1,1,0,'2017-05-21 08:10:38','2017-05-21 08:10:38'),(245,'授权分页测试232号','',1,1,1,0,'2017-05-21 08:10:39','2017-05-21 08:10:39'),(246,'公开讨论区分页测试233号','',0,1,1,0,'2017-05-21 08:10:39','2017-05-21 08:10:39'),(247,'授权分页测试234号','',1,1,1,0,'2017-05-21 08:10:40','2017-05-21 08:10:40'),(248,'公开讨论区分页测试235号','',0,1,1,0,'2017-05-21 08:10:41','2017-05-21 08:10:41'),(249,'授权分页测试236号','',1,1,1,0,'2017-05-21 08:10:41','2017-05-21 08:10:41'),(250,'公开讨论区分页测试237号','',0,1,1,0,'2017-05-21 08:10:42','2017-05-21 08:10:42'),(251,'公开讨论区分页测试238号','',0,1,1,0,'2017-05-21 08:10:42','2017-05-21 08:10:42'),(252,'公开讨论区分页测试239号','',0,1,1,0,'2017-05-21 08:10:43','2017-05-21 08:10:43'),(253,'授权分页测试240号','',1,1,1,0,'2017-05-21 08:10:43','2017-05-21 08:10:43'),(254,'公开讨论区分页测试241号','',0,1,1,0,'2017-05-21 08:10:44','2017-05-21 08:10:44'),(255,'授权分页测试242号','',1,1,1,0,'2017-05-21 08:10:45','2017-05-21 08:10:45'),(256,'授权分页测试243号','',1,1,1,0,'2017-05-21 08:10:45','2017-05-21 08:10:45'),(257,'授权分页测试244号','',1,1,1,0,'2017-05-21 08:10:46','2017-05-21 08:10:46'),(258,'授权分页测试245号','',1,1,1,0,'2017-05-21 08:10:47','2017-05-21 08:10:47'),(259,'公开讨论区分页测试246号','',0,1,1,0,'2017-05-21 08:10:48','2017-05-21 08:10:48'),(260,'公开讨论区分页测试247号','',0,1,1,0,'2017-05-21 08:10:49','2017-05-21 08:10:49'),(261,'授权分页测试248号','',1,1,1,0,'2017-05-21 08:10:50','2017-05-21 08:10:50'),(262,'授权分页测试249号','',1,1,1,0,'2017-05-21 08:10:51','2017-05-21 08:10:51'),(263,'公开讨论区分页测试250号','',0,1,1,0,'2017-05-21 08:10:51','2017-05-21 08:10:51'),(264,'授权分页测试251号','',1,1,1,0,'2017-05-21 08:10:51','2017-05-21 08:10:51'),(265,'公开讨论区分页测试252号','',0,1,1,0,'2017-05-21 08:10:52','2017-05-21 08:10:52'),(266,'授权分页测试253号','',1,1,1,0,'2017-05-21 08:10:52','2017-05-21 08:10:52'),(267,'授权分页测试254号','',1,1,1,0,'2017-05-21 08:10:52','2017-05-21 08:10:52');
/*!40000 ALTER TABLE `topic` ENABLE KEYS */;
UNLOCK TABLES;

--
-- Table structure for table `topic_usergroup`
--

DROP TABLE IF EXISTS `topic_usergroup`;
/*!40101 SET @saved_cs_client     = @@character_set_client */;
/*!40101 SET character_set_client = utf8 */;
CREATE TABLE `topic_usergroup` (
  `topic_usergroup_id` bigint(15) unsigned NOT NULL AUTO_INCREMENT,
  `topic_id` bigint(15) unsigned NOT NULL,
  `usergroup_id` bigint(15) unsigned NOT NULL,
  PRIMARY KEY (`topic_usergroup_id`)
) ENGINE=InnoDB AUTO_INCREMENT=6 DEFAULT CHARSET=utf8;
/*!40101 SET character_set_client = @saved_cs_client */;

--
-- Dumping data for table `topic_usergroup`
--

LOCK TABLES `topic_usergroup` WRITE;
/*!40000 ALTER TABLE `topic_usergroup` DISABLE KEYS */;
INSERT INTO `topic_usergroup` VALUES (1,4,1),(2,4,2),(3,10,3),(4,11,2),(5,12,2);
/*!40000 ALTER TABLE `topic_usergroup` ENABLE KEYS */;
UNLOCK TABLES;

--
-- Table structure for table `upload_file`
--

DROP TABLE IF EXISTS `upload_file`;
/*!40101 SET @saved_cs_client     = @@character_set_client */;
/*!40101 SET character_set_client = utf8 */;
CREATE TABLE `upload_file` (
  `upload_file_id` bigint(15) unsigned NOT NULL AUTO_INCREMENT,
  `apply` tinyint(2) NOT NULL,
  `user_id` bigint(15) unsigned NOT NULL,
  `topic_id` bigint(15) unsigned NOT NULL,
  `relative_path` varchar(255) NOT NULL,
  `created` timestamp NOT NULL DEFAULT CURRENT_TIMESTAMP,
  PRIMARY KEY (`upload_file_id`)
) ENGINE=InnoDB AUTO_INCREMENT=4 DEFAULT CHARSET=utf8;
/*!40101 SET character_set_client = @saved_cs_client */;

--
-- Dumping data for table `upload_file`
--

LOCK TABLES `upload_file` WRITE;
/*!40000 ALTER TABLE `upload_file` DISABLE KEYS */;
INSERT INTO `upload_file` VALUES (1,1,264,8,'/topic#8/file/20170521/581a813c-d5af-4dfc-8e14-17635404f3cc_建设性意见.txt','2017-05-21 07:47:18'),(2,0,1,8,'/topic#8/image/20170521/42ba4e39-7e34-47dd-b035-53a1b012c5f1_20081114121519c97ee.jpg','2017-05-21 07:51:50'),(3,0,1,8,'/topic#8/image/20170521/7b4187f1-f21b-46d7-8350-5f7c32f0566c_gMU-hV1iE98ycYx1ZdR6zQ%3D%3D%2F7917040072872032959','2017-05-21 07:52:35');
/*!40000 ALTER TABLE `upload_file` ENABLE KEYS */;
UNLOCK TABLES;

--
-- Table structure for table `user`
--

DROP TABLE IF EXISTS `user`;
/*!40101 SET @saved_cs_client     = @@character_set_client */;
/*!40101 SET character_set_client = utf8 */;
CREATE TABLE `user` (
  `user_id` bigint(15) unsigned NOT NULL AUTO_INCREMENT,
  `username` varchar(50) NOT NULL,
  `password` varchar(255) NOT NULL,
  `sex` varchar(20) NOT NULL,
  `email` varchar(100) NOT NULL,
  `status` tinyint(2) NOT NULL DEFAULT '0',
  `created` timestamp NOT NULL DEFAULT CURRENT_TIMESTAMP,
  PRIMARY KEY (`user_id`)
) ENGINE=InnoDB AUTO_INCREMENT=273 DEFAULT CHARSET=utf8;
/*!40101 SET character_set_client = @saved_cs_client */;

--
-- Dumping data for table `user`
--

LOCK TABLES `user` WRITE;
/*!40000 ALTER TABLE `user` DISABLE KEYS */;
INSERT INTO `user` VALUES (1,'root','10000:0479eb458ffb8583e409bc11b72205aa5da8b861b40b2fe2:14ccb638c48cc04f3da6b218a5c10f5faf0a2eecb368d393','male','zkyyo@outlook.com',1,'2017-05-21 06:28:34'),(2,'aaa123450','10000:61777599dbbfa0e349e91e550ead92488186bf77316d660d:e38acd78ed1966d5c8a46d65efce2424f20d8592169edf55','male','aaa123450@zan.com',1,'2017-05-21 06:30:54'),(3,'aaa123451','10000:d57235fea6d19fb8fc13ad04701660ac256c67de69f137ba:96a0225784b012e3c1c3bd59608b3a250be56b7f3968d4ee','female','aaa123451@zan.com',1,'2017-05-21 06:30:54'),(4,'aaa123452','10000:600cc9262ac400f16222108281497bb6b3c3dd6d139e20cd:0adc9e90146dd1f12bb20467d089ccbc947957ed06805c91','female','aaa123452@zan.com',1,'2017-05-21 06:30:54'),(5,'aaa123453','10000:baadd07cf1ac3c274a0af5dd3ae3abfcaa736192cf28fe14:8442e19990584a0cc50840c7e2e8c741e35ddd64f5693093','female','aaa123453@zan.com',1,'2017-05-21 06:30:54'),(6,'aaa123454','10000:850d754de6719c326bbf8d710d7c214a08b2c7efd914974b:08b53ca02bea05bc30dc89d7d0dd7fc1a7c780d8369d5b31','male','aaa123454@zan.com',-2,'2017-05-21 06:30:54'),(7,'aaa123455','10000:91f478c7eae6420126bea94396f7195fd90534246262df75:86b7b0b54c607da3a1a53c6d32630afb92c4b920058071be','male','aaa123455@zan.com',-2,'2017-05-21 06:30:54'),(8,'aaa123456','10000:986180758f88ec46d9d8b5f236b1ee5365a0e48cb60be747:69c5722c3c0620657d50de3c0b7b2191f39d75bcfbafc245','female','aaa123456@zan.com',-2,'2017-05-21 06:30:54'),(9,'aaa123457','10000:50f641c8bce9a4c36fcc3acdcaeb66b4e9980f8e56dd9106:23ed72ed8877f191081d0aee55d8e465a4a6e24f1298d805','male','aaa123457@zan.com',-2,'2017-05-21 06:30:54'),(10,'aaa123458','10000:5a67e784fdc27f561cbc400a69a2f096760e13ba0299ebf8:be042c1387a943a6e0a3e3e70c85dc30cefa3a856bc0af4c','female','aaa123458@zan.com',1,'2017-05-21 06:30:55'),(11,'aaa123459','10000:fc17351126029226325e03082602c27a736b5c350b51109b:2fde6678a8f02c350ed9415fb76dacda52bd1af6f6ef315f','male','aaa123459@zan.com',1,'2017-05-21 06:30:55'),(12,'aaa1234510','10000:e7429ee017f56bb936f0e73a78e2f0418d0027656cc7ffea:256133c7e2473503aad9eace468129acfed36533251598a4','male','aaa1234510@zan.com',1,'2017-05-21 06:30:55'),(13,'aaa1234511','10000:71e2f8bd582df89f0ca859a87d81d4c96b60fa08fde02eeb:10154a28d4ca62d97e26313ae2da657110f1f1a09a755764','male','aaa1234511@zan.com',1,'2017-05-21 06:30:55'),(14,'aaa1234512','10000:5cbbbc12e88e9524332223c9951ec34d70d5e2b2146f717f:89e5db1de7205e8bf38aa3c13b61511fdcab88b3935ef49c','female','aaa1234512@zan.com',1,'2017-05-21 06:30:55'),(15,'aaa1234513','10000:8d4a1919730bb46bc25cd44cd4b7d8d6fe54d041da97c53a:2a4679a93899714f6f7cd94b0053ec8eb4782e223b59e258','male','aaa1234513@zan.com',1,'2017-05-21 06:30:55'),(16,'aaa1234514','10000:41df964017a309b58ca033b1dc6dc01283471aac04055238:d3f549a7011ab192fb27eac5f3e17aecaea1e596975b6253','female','aaa1234514@zan.com',1,'2017-05-21 06:30:55'),(17,'aaa1234515','10000:db5e9c38a75b2f9632d99c5dca7381388ef9bb2faa54e2e5:e5e0f9f738b6ddf2414ab424a415008f2db75be794d4dd53','male','aaa1234515@zan.com',1,'2017-05-21 06:30:55'),(18,'aaa1234516','10000:3a8d81246ef5a244d2949f859f76a8e6fd4e0799dc75f9fb:e1a7963480f9de660a8217d253115625664d34d82dd1d06c','female','aaa1234516@zan.com',1,'2017-05-21 06:30:55'),(19,'aaa1234517','10000:5e35e137244e61badcdc3473b835a15bfd290b34407b9cc1:46ebd826ecf0c9644e44dbf886cc2545b0a895dbaa9d19d8','female','aaa1234517@zan.com',1,'2017-05-21 06:30:55'),(20,'aaa1234518','10000:7b08de64d2c278dcc42cb8f855c01c394ed02a39ae78d0eb:c84485cff1669856f53ed5434a39862a7a1d7eaac0363ca4','male','aaa1234518@zan.com',1,'2017-05-21 06:30:55'),(21,'aaa1234519','10000:27c676ef20a10ad60e0bd4f06b004bd7a79acce508575774:c7c93d3c546b4d3e0269520896dae849475f43936225e76b','male','aaa1234519@zan.com',1,'2017-05-21 06:30:55'),(22,'aaa1234520','10000:b2fab15e4d0c5aa0c4056cf57644132976837cc9eb04d98f:550d7a44be583406cf13095c31fb6e327b4869deb843ec06','female','aaa1234520@zan.com',1,'2017-05-21 06:30:55'),(23,'aaa1234521','10000:f9d6044f0ac76dd14c32f923d5c142eebda57cb7b46258e2:a648345131bb4e7cccce3a76d7d2414555a1110d252d110a','female','aaa1234521@zan.com',1,'2017-05-21 06:30:55'),(24,'aaa1234522','10000:fae6068053ec655332f1f6a78d53764303ba7e90bf74d885:b455369a673a5834e5d8c799b531b8a8a70ee6d447ec076f','male','aaa1234522@zan.com',1,'2017-05-21 06:30:56'),(25,'aaa1234523','10000:e51dfeb65ef0eb52d9560a4c1543ffff3465e744e15ec9a1:247378ac1fef67cc417154a9f9b75147046b7f99ddf372d2','male','aaa1234523@zan.com',1,'2017-05-21 06:30:56'),(26,'aaa1234524','10000:912945fb80b297b35a05b0b99f771cb8a2ea66bb49be69ad:11e171d7e20a90b5eb8a4de1dbb64f24b47ee2d007711e6e','female','aaa1234524@zan.com',1,'2017-05-21 06:30:56'),(27,'aaa1234525','10000:84692198613ffe977c53a115bc3012645f52b0f8d709a7b0:0314a149ca1f2521517bc01c7693a78e32c7f2f6fce040ab','female','aaa1234525@zan.com',1,'2017-05-21 06:30:56'),(28,'aaa1234526','10000:30bda3273ca0c140f45aaa7b04cf50cfc4f630f798f4f373:363a515b8876be37556e8410ebc2125925e88bff4460986b','female','aaa1234526@zan.com',1,'2017-05-21 06:30:56'),(29,'aaa1234527','10000:f48c25a5843e1daa7eb920230dbcdf4ee30dd09f874caf68:736bbab9094430be285c227c0c7160dae6fcbc750d2e651d','male','aaa1234527@zan.com',1,'2017-05-21 06:30:56'),(30,'aaa1234528','10000:3a95d9ba05ce320a84dd75295d5b9b326dbd5be99ea9478b:1701ff0bfec84921411f94e4cb90381aa6603ef0d541051f','male','aaa1234528@zan.com',1,'2017-05-21 06:30:56'),(31,'aaa1234529','10000:8515425ece82d7d5671b4aa3743795279c95f059d08fef28:2a0c3319404defc8857842092e38ea77faf724a61624a206','male','aaa1234529@zan.com',1,'2017-05-21 06:30:56'),(32,'aaa1234530','10000:61800445163913d546103f537c657dea7cbb55343d7d68b0:e789a03770e67181b2c95111c296aa7ec84bedaeac97e32c','female','aaa1234530@zan.com',1,'2017-05-21 06:30:56'),(33,'aaa1234531','10000:44a7b7898e7af726e273cd84b4417cb82842de70d40f88ff:dfdf744e3672167317975ea495257028e0339f292bec8c3f','male','aaa1234531@zan.com',1,'2017-05-21 06:30:56'),(34,'aaa1234532','10000:ff2494ac42c4c464b17583d17eff26ad52b2110b88965f10:edc3b2d687c84b5015d300dee720fc7445fff1a8340ebc42','male','aaa1234532@zan.com',1,'2017-05-21 06:30:56'),(35,'aaa1234533','10000:261dca0e793dc4f7ee7f809a6cbb523db9d60e80ac8608e2:91cef2070c441fae4f9ea672a01c39783925f3fe37c89a08','female','aaa1234533@zan.com',1,'2017-05-21 06:30:56'),(36,'aaa1234534','10000:2990789e1aac64ddba40feb942d616bc96c13cabc73a8b4e:adc5a03d53612f237b330ebcd346742852927a9b29ed723f','male','aaa1234534@zan.com',1,'2017-05-21 06:30:56'),(37,'aaa1234535','10000:0c816d2eaa09e4f2fc354c2f8fb3b54726dc96c1e12685cb:71333c07dc3d4b1a6829689934253a6dc6508303521c7962','male','aaa1234535@zan.com',1,'2017-05-21 06:30:56'),(38,'aaa1234536','10000:a438f027e01732296e838fd1d10a81f6691c3914e0319765:258520e1af3c6caa3113aa83fab648228f1bc1591b27402c','male','aaa1234536@zan.com',1,'2017-05-21 06:30:57'),(39,'aaa1234537','10000:e08f9aeafb448e61394088509f6691ec0770f4168798a671:a982b038b94ddc36d63df53abb72809bf866102b0cd64ae7','female','aaa1234537@zan.com',1,'2017-05-21 06:30:57'),(40,'aaa1234538','10000:98d74cecf573617db7179dd2f04598fdb0837434ec9700ca:6f2ff2433c6ccfba4bca081e756a818d22b6522f4f59655d','male','aaa1234538@zan.com',1,'2017-05-21 06:30:57'),(41,'aaa1234539','10000:fd181ea670e67c4542b09cf8b0e4344fe4843266e7f5d73d:490b0e0f50fe06b3f0ae1d161222d0c66a70e2a3973f4040','male','aaa1234539@zan.com',1,'2017-05-21 06:30:57'),(42,'aaa1234540','10000:9f8c7aad8cf3721e2c95d7b29aac065cab461a5873a9cdd4:06076629fb028f605b3e7ddd0e9bd3623f7c4b3eaeff2093','female','aaa1234540@zan.com',1,'2017-05-21 06:30:57'),(43,'aaa1234541','10000:040b4388aeb096953fcc5a76b735d77a42553e1d677b9669:3ff00ab4f77f87bee68ee9ad0c245911386463b1f541c7ab','male','aaa1234541@zan.com',1,'2017-05-21 06:30:57'),(44,'aaa1234542','10000:1ce4e3c468979fe248fc08579bd797ba268a7ff41b2a5fa1:5d84bf63877cc62ee2d21797dcc84b47545de63172553051','male','aaa1234542@zan.com',1,'2017-05-21 06:30:57'),(45,'aaa1234543','10000:c04c04eb7aa41a3b7d7c39aade0f0ac72e9d4d5cbe9d4739:5f08c4cd08190f818169148bbe4bd0f1ed2e41a95ef8660b','female','aaa1234543@zan.com',1,'2017-05-21 06:30:57'),(46,'aaa1234544','10000:a68b5fa70fb02d460e0f1ea307ecafb45671c07c6f0b51a0:f1736226bdc049d60414da0fd154844554cba877618f2be3','male','aaa1234544@zan.com',1,'2017-05-21 06:30:57'),(47,'aaa1234545','10000:94b25dd51221d7a5bf05a8b03103fc900b02071fdbde1705:96bdaa9bbd64b48348a43772f868cf9bb7d1856c861b33bc','male','aaa1234545@zan.com',1,'2017-05-21 06:30:57'),(48,'aaa1234546','10000:6c6ff7610fca4062de5cbec38ccf8060d16758522fbed61a:cef17b303f2a696795f7374101692cf6e321a6ef0be25aeb','male','aaa1234546@zan.com',1,'2017-05-21 06:30:57'),(49,'aaa1234547','10000:27c42c368681c12d53b9956f29c5a349b66fc80df3dfc7b4:f813554f493b4962d1e8ea455ce8e25ff95eec4b9bec6902','female','aaa1234547@zan.com',1,'2017-05-21 06:30:57'),(50,'aaa1234548','10000:3078221b8fbcb8156db64eb5a91ad679806f786ddd6b8844:3360ce94129f54ee0ff9727442681c79fa69f135eda47d7e','female','aaa1234548@zan.com',1,'2017-05-21 06:30:58'),(51,'aaa1234549','10000:4007400ebb92e1aa5fb17221cf63e6a9a99a30aba58a8494:50ddecac30ddff011038c4c722476556d64ae9141ee8bb39','male','aaa1234549@zan.com',1,'2017-05-21 06:30:58'),(52,'aaa1234550','10000:3666bf913c9870e586b8762ba58d7e1beee0b3bb78e63cc9:c3ee10f070e23d8db190d62055fd7f0304a9c7072f1903b6','female','aaa1234550@zan.com',1,'2017-05-21 06:30:58'),(53,'aaa1234551','10000:465eac87aafb8eeae912d1f9f7f77e428dbdc30f0f87f210:bfc5c12f8174ff9ee2352e578f93e86dc5ee856c68c8c45b','male','aaa1234551@zan.com',1,'2017-05-21 06:30:58'),(54,'aaa1234552','10000:5cb796e09f4fc0bc96eeb92b879929445f60a6d4d2e428ee:400bd9c4a3b17020a8f18b756eaa96bfc34b1dbcc183d4b9','female','aaa1234552@zan.com',1,'2017-05-21 06:30:58'),(55,'aaa1234553','10000:5f247873c20c496a9e66dc52af2c4e3320a4261e12c3ab52:998fdb160cf0d51202061a1589f9b7e6eef2d707b92ad7c0','female','aaa1234553@zan.com',1,'2017-05-21 06:30:58'),(56,'aaa1234554','10000:13eb978572015b5d005568c013b01ff826876c2362721cf3:6976e468165704babb0b880c2bd7badf40b1849b41f0bfac','female','aaa1234554@zan.com',1,'2017-05-21 06:30:58'),(57,'aaa1234555','10000:0fa1e80c425c32c091b64d8acb8a20aeacf8b8778c33e861:c89ffb03c15476e88d68ff0d2e992ec0d58cf7bd95d79647','male','aaa1234555@zan.com',1,'2017-05-21 06:30:58'),(58,'aaa1234556','10000:f6cea36c1de6f991dfa9b72c289304579271dfc36271ee2e:8d6bdb710c1f56e1eb0f56554043a1ae149a1f7eea3c99c9','female','aaa1234556@zan.com',1,'2017-05-21 06:30:58'),(59,'aaa1234557','10000:580c5da4427b0450dd66638b170db249cbd50d2c6955e574:bea6e2ee9ce3d7bf9044e418509c301aea907057863f0ee3','male','aaa1234557@zan.com',1,'2017-05-21 06:30:59'),(60,'aaa1234558','10000:3e294f6ca1d2fa1c685292489056f787b6d56cd916ca622c:18378fe2cf761de8eb66fc094306a83158dd4dab9a8f7cca','female','aaa1234558@zan.com',1,'2017-05-21 06:30:59'),(61,'aaa1234559','10000:5ac1b919e9489862c16b5dd7a8241ffe4cebaf5d65a8d11b:c4d2d67bc9f25696dd5ab01bcc1dd08c307f93ddf9e71c04','female','aaa1234559@zan.com',1,'2017-05-21 06:30:59'),(62,'aaa1234560','10000:a8260aabda61b20badc36dffb8331b64ba4845a54df19af3:353eaf5114b1fa15975e437565fe7306a515c03a1108b70d','male','aaa1234560@zan.com',1,'2017-05-21 06:30:59'),(63,'aaa1234561','10000:adc1c5714e3f078ff022ae79c4027168be281cd3355b723e:e5a74e6138b685e71607c0106e1f4d5f80b81659fb85b18d','male','aaa1234561@zan.com',1,'2017-05-21 06:30:59'),(64,'aaa1234562','10000:678d6879e0f01d537b2511e3fe2688c212c07868b682a3f3:a10e5950975f2f1b36e87eea02177a43918588d10d802a68','male','aaa1234562@zan.com',1,'2017-05-21 06:30:59'),(65,'aaa1234563','10000:208092ce588338d51e9c1313fb4169c0945ae8d48a62842e:72d906dd109e09d965b6377e3a2a19cf6d1a55656155a66b','male','aaa1234563@zan.com',1,'2017-05-21 06:30:59'),(66,'aaa1234564','10000:c3d654dbebca9c597246f24c69c692468ef0268b0491f63e:ceb2d292d6fb7768e685df3379a3b3c91f4e3123c824c481','male','aaa1234564@zan.com',1,'2017-05-21 06:30:59'),(67,'aaa1234565','10000:99a4900809b66f6ec031738780407011d680771113d254c6:e32894ed7b82b0c3d440b8db4eacfe41e48be6d35532f794','male','aaa1234565@zan.com',1,'2017-05-21 06:30:59'),(68,'aaa1234566','10000:2e337046d253a0fbbcb800f5d719cd7729c3813f85dc1690:be2f5292d47e31659371e8f95bed37591aa3ddbb9cf05745','male','aaa1234566@zan.com',1,'2017-05-21 06:30:59'),(69,'aaa1234567','10000:3f44fd43277e47e76b4d70d0655669e67feed17ef931ca44:01b7bf661cbd71765dd8a4fd46647172dc00e12903667fd9','female','aaa1234567@zan.com',1,'2017-05-21 06:30:59'),(70,'aaa1234568','10000:8452b528ff6422ff8167f95204f4e2b44f1fdaf58b829c52:b63b481c545fa8bb49c22b0a2bc68ab806b4b3d77b29e78e','female','aaa1234568@zan.com',1,'2017-05-21 06:30:59'),(71,'aaa1234569','10000:fc3a2f5357d29e7b312083f3a20fc23abfef46fabfb3852e:d756fa526810ecac0e5daa7eb09ae06bcbd9d7d69d639b46','female','aaa1234569@zan.com',1,'2017-05-21 06:30:59'),(72,'aaa1234570','10000:f0daab67dcda7c6262b14a3e72cc92857c84495884ca6d2e:ef21e908cc49d4ea7365943997ef8b38b2a4ea3730e5fb53','female','aaa1234570@zan.com',1,'2017-05-21 06:31:00'),(73,'aaa1234571','10000:ed3e0d7e3dc9c9229dff09e8660fac0f76712e24d8bc8e3b:345060eeb171668423f70a86a201954bc009ccb11a63762e','male','aaa1234571@zan.com',1,'2017-05-21 06:31:00'),(74,'aaa1234572','10000:8e63a337dff3dc6834d7bd869df9da6fc7e43d58d3f376aa:e22d08dcfcd4c14160c8eb3de7e6ca251f30dbf3cf1a2a6c','female','aaa1234572@zan.com',1,'2017-05-21 06:31:00'),(75,'aaa1234573','10000:f69aacb96ded880ed1316fcea17f776fae483133535d8efa:e6a34f155216c9d22495874abd692adfb0216e3fd50629d8','male','aaa1234573@zan.com',1,'2017-05-21 06:31:00'),(76,'aaa1234574','10000:d454918752d4b9c8317708c87df98c26647dae6325f3df63:1bddf87a09eccae22b7fce6ac491e1f0d830b5db04b91048','male','aaa1234574@zan.com',1,'2017-05-21 06:31:00'),(77,'aaa1234575','10000:0b7228f1574a395dcab53f69b61fa336dabbedf88076d3df:8a8974d018c45a408a5cf0846a63f8f959a7b77dc28a309f','female','aaa1234575@zan.com',1,'2017-05-21 06:31:00'),(78,'aaa1234576','10000:c6a9f540001f053b67e6fc7a26b3da603be50c918ef676ae:2376bd0707fbb23c32c7b21e097bacb8fe6595ba2d02e233','female','aaa1234576@zan.com',1,'2017-05-21 06:31:00'),(79,'aaa1234577','10000:40081f7b72f6d1ffbcc01fc610a45ac2d63e289897fecc46:dd1a7529f1d0a66d9526d037826de8ca5ab1c07a52b436a6','female','aaa1234577@zan.com',1,'2017-05-21 06:31:00'),(80,'aaa1234578','10000:cc7031f99db3cc74ffeec1c768cbe5c735f321ecbe797128:f0cd77e514cfde7007f79439226298a10cfc4fa0dc03d970','male','aaa1234578@zan.com',1,'2017-05-21 06:31:00'),(81,'aaa1234579','10000:46e6f975814dba3c7d7d0728084f0b16043354698ee0f71a:076ae997464a0f4b98682eab84439a2588a0049717db8f45','male','aaa1234579@zan.com',1,'2017-05-21 06:31:00'),(82,'aaa1234580','10000:d98a82339dee97447edb967ce2996195d2956b748ffddb2d:e4f1e36c61bac90c5cd79811caca0382bfa391c66a01682f','male','aaa1234580@zan.com',1,'2017-05-21 06:31:00'),(83,'aaa1234581','10000:b8370459ff198d2df6bf8f6f04f30eba178fe0984977db85:282f67a32e3ab98b12ecdbe9d13466c4aaba32fd4cf33e3b','female','aaa1234581@zan.com',1,'2017-05-21 06:31:00'),(84,'aaa1234582','10000:f3e9aa152ffa2f8629b9450138547efc2c48d627192c05f7:bab4dc6b8f03cf342578c293d737d3eb38597092336593b4','male','aaa1234582@zan.com',1,'2017-05-21 06:31:00'),(85,'aaa1234583','10000:514baf1bdd6c7c7d536188062d0435b0573b7d265d636d90:b64c5f48c023abf0bfd53fd269a177cb501d29b3ce922087','female','aaa1234583@zan.com',1,'2017-05-21 06:31:00'),(86,'aaa1234584','10000:df81d654adc3d4613a2abe88cf576fa529ec32d070f736be:66de75f2f18446e4a204163b54ed6dc130ed46fd2a2ff27c','male','aaa1234584@zan.com',1,'2017-05-21 06:31:00'),(87,'aaa1234585','10000:0c6c94b6aec815df67dd7b459a7c810e2d2a4b5e0d326e43:71699239fad7a56e979055df51bafd81c77aafc495ad3681','male','aaa1234585@zan.com',1,'2017-05-21 06:31:00'),(88,'aaa1234586','10000:829df178a118f04777bdf01424867385d0409566602213f7:de427f2967dbcabd794fe8be739f5371f198c2e174fff4db','female','aaa1234586@zan.com',1,'2017-05-21 06:31:01'),(89,'aaa1234587','10000:3dd1acb9f1fafc0e1e5e2bc06d1b71172e2c6aa5f256322e:362f7132223b18b2bd15476289e5b4c56ac95013fd057c02','male','aaa1234587@zan.com',1,'2017-05-21 06:31:01'),(90,'aaa1234588','10000:6e904bae4bbfc4abfab34be7d10332906dc4f2372098ecf6:8ac325cf2d629c1a9272c1ec6d687da594fc76daf89ee79d','male','aaa1234588@zan.com',1,'2017-05-21 06:31:01'),(91,'aaa1234589','10000:f75751b37697415e54b0e6d3ad943d242945bd051c12a656:f667043a1916ab63d7251f376a127e91f5f7e19554b680e9','female','aaa1234589@zan.com',1,'2017-05-21 06:31:01'),(92,'aaa1234590','10000:d86ebe68d399bb0b0851c680e9732791b8b491775c71c2fa:83cb4b7ffa22d8fac78281d61485f89a835252425218d0d7','female','aaa1234590@zan.com',1,'2017-05-21 06:31:01'),(93,'aaa1234591','10000:2b1252013bb4dcb572221fe770ccc932829c77a6bc2fafef:fd1efa85e14bdc6796bd256cf220cb226a3d17313ad1b9d3','female','aaa1234591@zan.com',1,'2017-05-21 06:31:01'),(94,'aaa1234592','10000:e306cea47de46c2592bd6ef7b48140ce9ad21c0a79aa8439:ec3f420c01a360cde1029dbb8b5cca831408065238831adf','female','aaa1234592@zan.com',1,'2017-05-21 06:31:01'),(95,'aaa1234593','10000:6d851f3ef8274dbf007e34848171e8f1ab27402b945a89ef:f12bb3b6a2a3cbf100cb9046f2f8446ea3fcabd3390c4e44','male','aaa1234593@zan.com',1,'2017-05-21 06:31:01'),(96,'aaa1234594','10000:c7248aeb58444276fb5d37b6cd43e44e3359aa47acc110af:c0a262345b3b5a3c0edb4956aa231d7cc09e56c91f1e04bb','female','aaa1234594@zan.com',1,'2017-05-21 06:31:01'),(97,'aaa1234595','10000:8d736b3cd44b7b8ede2076a8d8130faab0a9b56a463d256b:88967c0de1e5c0186cf2da79b14a7b289a2e933363229e87','female','aaa1234595@zan.com',1,'2017-05-21 06:31:01'),(98,'aaa1234596','10000:094f3217405205123a339a598e4bc52cbdc893b88c5bf8c3:51937d0643f4d51e8f20b5026a63179fc450c01aed1b44a2','male','aaa1234596@zan.com',1,'2017-05-21 06:31:01'),(99,'aaa1234597','10000:87930f2ac0c00ca293475c19053fe2c6d490bd0a3c427947:7e20b10dd06f49eca46672e6ba8d3397ee67bf1bc918b09f','female','aaa1234597@zan.com',1,'2017-05-21 06:31:01'),(100,'aaa1234598','10000:bbdcbb6945a9f38000df2fe54c29a21c2b7936e2992b78dc:3efd8e001d33fc14ff71a38cb9c6c2b9078a824ea0786277','male','aaa1234598@zan.com',1,'2017-05-21 06:31:01'),(101,'aaa1234599','10000:f1df50b7b04c87e4062f2c81e95fc9c75f633276eb090619:1e887eb527ce1a5aa42f3df9f792192e7c813fe93a090ab2','female','aaa1234599@zan.com',1,'2017-05-21 06:31:01'),(102,'aaa12345100','10000:abe15ea63bafe39e1d05398350545da4496203ac57cc04d3:ed14326eb15c33c752bba2f190191eecc91c7ac8b2b5b307','male','aaa12345100@zan.com',1,'2017-05-21 06:31:01'),(103,'aaa12345101','10000:78fb9a011ea27f0cefb787d5d06c2753708a291a28e79d07:d61e7292090e39176eaa9850e011710080487fa750999bd8','male','aaa12345101@zan.com',1,'2017-05-21 06:31:01'),(104,'aaa12345102','10000:e8860b1f19893ad670f839f21e0388e653aef176b7cadf9d:b90a7dda554987f89643f740bfa84c2eb3e816a532c8d239','female','aaa12345102@zan.com',1,'2017-05-21 06:31:01'),(105,'aaa12345103','10000:f893281e1678cd71954b8846b4477e139eb21ddc372ce04a:d4d0d61babc4a1c3bc43a3059d7d5ecdfefb9b5235320317','male','aaa12345103@zan.com',1,'2017-05-21 06:31:02'),(106,'aaa12345104','10000:90be793dd184205decaea6ad5bacc505374912446f42cf69:f7e2386d1caff7727240a20bd9aea69562e38cd677b25b55','female','aaa12345104@zan.com',1,'2017-05-21 06:31:02'),(107,'aaa12345105','10000:6bf2d0b21c5af675ed61a38d32372f80aa29cc67360c43ee:9a7156657c0b371ea5fc64edc3e6f6ee8df214c073c27fcc','male','aaa12345105@zan.com',1,'2017-05-21 06:31:02'),(108,'aaa12345106','10000:233af896d721ff2abdcab958782c3ab2dce89ee16b2baae3:22f5adea2db47d3b5686144655aa46584854e0914da48f50','female','aaa12345106@zan.com',1,'2017-05-21 06:31:02'),(109,'aaa12345107','10000:f565ccba8f70c3478b08d0a84c6422dbf6cafc2a2a3465af:077083572c27fc8f6f7d10203e1cd527242c818396ed0ff0','female','aaa12345107@zan.com',1,'2017-05-21 06:31:02'),(110,'aaa12345108','10000:0a2ed52065c345203fde622548461d3661f68030c5422e12:14d43e25504bd801f8bea177abcdf0fb1f1baa8e5236a8c0','male','aaa12345108@zan.com',1,'2017-05-21 06:31:02'),(111,'aaa12345109','10000:7c7a393a83621e87230afa76a0c95fdbaed0341c7f0c2556:bca6ba840b32ae8ef69945affdec353bc63812f568fc2f45','female','aaa12345109@zan.com',1,'2017-05-21 06:31:02'),(112,'aaa12345110','10000:7c3cb81e9f68c27abaef54e04a20241984b9d9358ca83763:f0317d4f67fd852e58894222008588974e6b761327e08bf5','female','aaa12345110@zan.com',1,'2017-05-21 06:31:02'),(113,'aaa12345111','10000:849613c2dda21c0843931a0e84c7189bcf95b1493003762d:b0ea6ecd0578d8d425fe3aab2df11db4b0d2d058bb33fc62','female','aaa12345111@zan.com',1,'2017-05-21 06:31:02'),(114,'aaa12345112','10000:c5bc4259188fb58a1770f500cf2b7330d4ba5da6de9ee48f:47b3b19c577893c290c0c76ebfec7bf5fc48d4944a8465fa','female','aaa12345112@zan.com',1,'2017-05-21 06:31:02'),(115,'aaa12345113','10000:391d0e3edb2715e89a7b3d22338138f8477443b90138a3ce:a20ed4a35f576f013fa70a81070e987df081d6251b9f533e','male','aaa12345113@zan.com',1,'2017-05-21 06:31:02'),(116,'aaa12345114','10000:d360068ce8005fa7dc42cf8f436e843e2dc2b21666186ef0:8dadca13709e89e637adc4a3da61f8353a391f04c9a45d3f','female','aaa12345114@zan.com',1,'2017-05-21 06:31:02'),(117,'aaa12345115','10000:8d8d61258e706f22ca286e0a8061d73b136039c37ff74a63:b0cc805495991c1cf5975870f6ad81ca2aa2ac35bf93f661','male','aaa12345115@zan.com',1,'2017-05-21 06:31:02'),(118,'aaa12345116','10000:f7028828f1dc025497671fa8fee46533452061820256a873:859d80825ea228d3e9076bb409db1365c6e2582ec64fd985','female','aaa12345116@zan.com',1,'2017-05-21 06:31:02'),(119,'aaa12345117','10000:a8f4de898643405233c4853ce2432dbd73eca8c1e5a6bc29:b64ff456596cb456ad9e3e431541612db4bf72e09678e3fa','male','aaa12345117@zan.com',1,'2017-05-21 06:31:02'),(120,'aaa12345118','10000:8f2d3d5561d85f0c0348a22508d5e72054e5da493c43bc1f:6bcdaad7fe05e8381c7cd3af0d717cd0145734a8c4c0b0f7','male','aaa12345118@zan.com',1,'2017-05-21 06:31:03'),(121,'aaa12345119','10000:2125612f0bfdbe18940a835771de0516c2417b9ec65c3044:83cab0bb06387f0d06ee620a5cfb0bfab1b074c756d1d06f','male','aaa12345119@zan.com',1,'2017-05-21 06:31:03'),(122,'aaa12345120','10000:05fc96f2e2b05d862751117061e61ad64f6a97495c99c788:5d84e71061203c2f6a1423a6da63388c22262f80cfdfea62','female','aaa12345120@zan.com',1,'2017-05-21 06:31:03'),(123,'aaa12345121','10000:593e189ebab9aa7bdc4ed32f79f61e0bb5c4a226b5790d97:5789346652d59929d90dc1535c974b22bf26fdb9786527e0','male','aaa12345121@zan.com',1,'2017-05-21 06:31:03'),(124,'aaa12345122','10000:666a1b5dd3d299563d3af32a0a9d0fc465e737cbf2827a0a:ba46f6ff3c07c04832aed1b99916e6876ed34100b42bdfec','male','aaa12345122@zan.com',1,'2017-05-21 06:31:03'),(125,'aaa12345123','10000:b86772bf1daf09b0e16d2c3ff688fe6a3bc993adf1f2542e:be01392dfd8883872d10d7a7d0ba3565ca30ad0b3bd88e6f','female','aaa12345123@zan.com',1,'2017-05-21 06:31:03'),(126,'aaa12345124','10000:e76391fa81c159343918fd5e4a5f960c227e92bd20c8043d:a448b2ca916fc7fc47479099bc85fae61cd9bdc5acfd7fdc','male','aaa12345124@zan.com',1,'2017-05-21 06:31:03'),(127,'aaa12345125','10000:0f807451dd978ced31b3562d2cbff4e1cda5b025e7ffa92c:ea540d08aa5aa77c96a30d5f88cdc683681ea53d424dc2f2','male','aaa12345125@zan.com',1,'2017-05-21 06:31:03'),(128,'aaa12345126','10000:42770d8226461b4af20c43bdc7f48eebb4fe5f4e7799552b:5752054fafd9c67e152ffc30f00cb49c890fb33732a8e8ba','female','aaa12345126@zan.com',-2,'2017-05-21 06:31:03'),(129,'aaa12345127','10000:0795f5050cc97790e7380915a5554b8d3b12c46867c46093:0d14b5e8deffd03a69142421ff4007d5a1ef088258ba02fa','female','aaa12345127@zan.com',1,'2017-05-21 06:31:03'),(130,'aaa12345128','10000:f8dc1b226e0ccbf658a80e204009e188d4eb60d66c2fe2bd:df1a6f7d29be281e4bf444aa8d9cc37b188e025292e9ce8a','male','aaa12345128@zan.com',1,'2017-05-21 06:31:03'),(131,'aaa12345129','10000:015e80eabc562d08e157b43ba690a63708a373dd6ee9d420:9491a480f3b5c07650378183f1d87ad9877794b08295563b','male','aaa12345129@zan.com',1,'2017-05-21 06:31:03'),(132,'aaa12345130','10000:b703e2557e892ab19b298fe4cd1a62d56fab924053e9ef14:10ca3bd3215c0fe4fe7132d7714c94481bc59e1466b02a83','female','aaa12345130@zan.com',1,'2017-05-21 06:31:03'),(133,'aaa12345131','10000:8ece65decca63e34591bfe8c145cdbeb0a506d6c23d23669:81a79ab9a35b0ff16069b885d23395a582c9ed66c54d5285','male','aaa12345131@zan.com',1,'2017-05-21 06:31:03'),(134,'aaa12345132','10000:f9c71b5d83affeec3d4c743397a738989d76e8de7c542bfd:2c48ad44102d9a43ea2e0a4081782419a2f9dc1eb2664b1a','male','aaa12345132@zan.com',1,'2017-05-21 06:31:03'),(135,'aaa12345133','10000:99e6b948cfd6e64d3f00f38e735e86776bfa27470f8abade:35398a26b7319e8496f1ea5c3960bce105a088864d9478e5','male','aaa12345133@zan.com',1,'2017-05-21 06:31:04'),(136,'aaa12345134','10000:b9ddccc505291d62ddacf6c2e955bd600277d013cf3e94a2:da27d20496758c5599ec443cbe68da783537406e3a0c06cf','female','aaa12345134@zan.com',1,'2017-05-21 06:31:04'),(137,'aaa12345135','10000:4cb1de0571280de29c5535a0e1ccb95b0d1cc695c4beb8a9:115c653dfff1bc1b6ca0c47cf5d7e2364cdf04800c20f7dc','female','aaa12345135@zan.com',1,'2017-05-21 06:31:04'),(138,'aaa12345136','10000:2f75a816c6731e3a342db72357d25cda0057eae1d61dd5e0:150716b0567a2fc25316aa2cfb36b003aab5466a8d574083','male','aaa12345136@zan.com',1,'2017-05-21 06:31:04'),(139,'aaa12345137','10000:c170b6cf4ee7576de482c4ec79149104704098088381b445:da6b5f953e1a317db602c139f83fde718a6ddbb302ecdd05','female','aaa12345137@zan.com',1,'2017-05-21 06:31:04'),(140,'aaa12345138','10000:4fcb42d77010f47c9de0ae3e36d80dde4196b06af557de8f:6a77104c00ceda6fb8d35da2f586012dd754a8920befc8ec','female','aaa12345138@zan.com',1,'2017-05-21 06:31:04'),(141,'aaa12345139','10000:71f2b947a1f3650823b68d351f01f4fbd2fa0f5f7f85fa88:e111220a091dd0a349a2ed4c1cdd097ad8fe065edfcca140','male','aaa12345139@zan.com',1,'2017-05-21 06:31:04'),(142,'aaa12345140','10000:25da0d4eb26aa9456feccdfbebe1128380bdb254eaedec5e:cffa4aa60e9d9ce0987ae7042a118f7845430dcfbb87b7fa','male','aaa12345140@zan.com',1,'2017-05-21 06:31:04'),(143,'aaa12345141','10000:98a25ce67ade6df1bd2e50189f726c28e6dde89b42f6c86f:172cca3d276d261a8bc0d5f7c7785c8d333b23de019ee098','female','aaa12345141@zan.com',1,'2017-05-21 06:31:04'),(144,'aaa12345142','10000:39502b58156d03eb2b86e3ff5a692cd91fb1f316fe2bd0cc:1101a027f38f52ed54e540971d6c8acb6823c6f6c68daf7b','female','aaa12345142@zan.com',1,'2017-05-21 06:31:04'),(145,'aaa12345143','10000:675915d35f6d708405e2ea41ae988334ec4f993871eda42e:d95da3eba6fc934facec3b4c58bf2fe32fc1d24ae5f1b826','male','aaa12345143@zan.com',1,'2017-05-21 06:31:04'),(146,'aaa12345144','10000:9ff85b34fe52a03f6286b4d5117a514aa25019a6eb60bdb5:ceb8cb2096c214c5ca8d2d30f5ae000cc363721960da78c7','female','aaa12345144@zan.com',1,'2017-05-21 06:31:04'),(147,'aaa12345145','10000:2e4a1afe0a9017c401ff86d71b77c2ddd5c74926bff5cd0c:7ad70a3540932b26546a5356b76e50bfb8e98daefe1d2724','male','aaa12345145@zan.com',1,'2017-05-21 06:31:04'),(148,'aaa12345146','10000:89f517079595fa73fc8cc46554fdbfbe98218452cc942766:63dfdf4251bc5cd294fe4d2918210a8b5d6e70bf337d8168','female','aaa12345146@zan.com',1,'2017-05-21 06:31:04'),(149,'aaa12345147','10000:4e2e68e1a5455c463198a2113f4c410e6d687ae29485b8d6:4c367eaa7188a2ce4aa7a402c3d4b8ce7e32b4d95fc29760','male','aaa12345147@zan.com',1,'2017-05-21 06:31:04'),(150,'aaa12345148','10000:064aa4918ccd21899f2a4384b9c7f696cb7ab25bbdd7176a:5648dcdf5b64a7fa6f37bfe26697e7d92b91a4029c163c1e','male','aaa12345148@zan.com',1,'2017-05-21 06:31:05'),(151,'aaa12345149','10000:7bacde788cbb88e4972bce7271dc6ce36b9ed0d77b71805c:71895798acbe5a647633dcf124b80f4ebd1d10d37b038ecc','female','aaa12345149@zan.com',1,'2017-05-21 06:31:05'),(152,'aaa12345150','10000:d153d5c60861e40580f516089405f8bcb1d36b9b0691c36f:d8d71713d1ec617c4f132315a7ad2e2fecee7bc5910f5ef7','male','aaa12345150@zan.com',1,'2017-05-21 06:31:05'),(153,'aaa12345151','10000:d18bd9b3dcb12b39695208c4260012802ecee5f560ed6447:e009d44ce52961b677541b41a5bf26c3bbdc52dea73ad37b','female','aaa12345151@zan.com',1,'2017-05-21 06:31:05'),(154,'aaa12345152','10000:581628137e0006b4e76cd7872a7705fb11a281b8fdea95d2:cc914050d3ab0197394e82ffa9dc4620c4f65d61bbfb613b','female','aaa12345152@zan.com',1,'2017-05-21 06:31:05'),(155,'aaa12345153','10000:65a32127bef1dff83552625cd2619aa119fe674bbfd6b8ad:91d2bf72e4907778ac33b878c5bc4baa2077b5b18db04521','female','aaa12345153@zan.com',1,'2017-05-21 06:31:05'),(156,'aaa12345154','10000:fc75b9cef314733e43cce545300adaaa511bc9870834b429:b27e25c51beb4746999f208c6017ddd3e73184d8dc86d36b','male','aaa12345154@zan.com',1,'2017-05-21 06:31:05'),(157,'aaa12345155','10000:c974db411bb44757e2b7566787b9a95e8446b7c48e3eef94:003819b275fe29eb38dd92cc806483b574d2d5374d15de43','male','aaa12345155@zan.com',1,'2017-05-21 06:31:05'),(158,'aaa12345156','10000:02333e192005eca2b55108cdcf793b57352635f7ad61e87f:1d9383500c2e11cb72ab43fd85a5dafbe5cec6c500af61f2','female','aaa12345156@zan.com',1,'2017-05-21 06:31:05'),(159,'aaa12345157','10000:725c72b2b39b13c4ea0e33cb1dcb2f30f75ce93fda32e410:ae814bfc621e2b1ac88a2337fc0f505d07e7850866c78768','male','aaa12345157@zan.com',1,'2017-05-21 06:31:05'),(160,'aaa12345158','10000:12e06c9afc199fced009e5ac2786b5c256611089c7907019:c9de117bd856075fbd572fcd2a6bda984f2b780a3f4e24c7','female','aaa12345158@zan.com',1,'2017-05-21 06:31:05'),(161,'aaa12345159','10000:29c31de09e545acdbab20d9ea986f4a4fb4764046ef3d0c2:7fa7472e42ab5c118257e1c939235077815e97a93ed72127','female','aaa12345159@zan.com',1,'2017-05-21 06:31:05'),(162,'aaa12345160','10000:716d9db3f232ed38ca74944e69e7839f8636406c8c1cca17:4df4fe5f9db184525f22810437a6a7de51dadf0832fca148','female','aaa12345160@zan.com',1,'2017-05-21 06:31:05'),(163,'aaa12345161','10000:ff48d22b80377d864a7cd67baa33e681670ae4b2311c6263:79384d7746d51b6407d35a47f874429ac048d6eb8a62116b','male','aaa12345161@zan.com',1,'2017-05-21 06:31:05'),(164,'aaa12345162','10000:39f481c18ad7a757af5c694cdd2e2f887b3bdf196a923ed2:63b0ad8eef51c9c1322581be2ce6b615998d5a0ffcbc16b6','male','aaa12345162@zan.com',1,'2017-05-21 06:31:05'),(165,'aaa12345163','10000:f6bae602cbc644f97f26c4f0e026bb493bf1aa3ac7287b2c:60bba0c40867e55e22cfeed79d95888dedcc50f07660a1d7','female','aaa12345163@zan.com',1,'2017-05-21 06:31:05'),(166,'aaa12345164','10000:498eccdff87ed68ada7f60d68748a081c244d4ab1af1ba39:b6cd902035571cdaeeb9a27eb50392d853e74483ac7f94f1','male','aaa12345164@zan.com',1,'2017-05-21 06:31:06'),(167,'aaa12345165','10000:e79ef0e13f91c1d67ab83421508589e9e63692994c43f5f8:580a8dea5012dbe06796551917c57d0696de2079587fa42e','male','aaa12345165@zan.com',1,'2017-05-21 06:31:06'),(168,'aaa12345166','10000:7aa38cc690b504019588260a0ffdc706c10b9dac95ab6808:f02dd42973841e4d0ace35e606d7a121fba7b5b14e0ce347','male','aaa12345166@zan.com',1,'2017-05-21 06:31:06'),(169,'aaa12345167','10000:4477b65f8fc6bffd7a6cabc3116346218d7a9437031d1457:81482a9f2b8f7da9198f475937d905ead49c030898036e03','female','aaa12345167@zan.com',1,'2017-05-21 06:31:06'),(170,'aaa12345168','10000:4b092240297e49adb6da2d66dc217b934d604c63db5f3313:bcb83c443a2732b35a89e0d568d134b1d8772f8f3cf8be0b','male','aaa12345168@zan.com',1,'2017-05-21 06:31:06'),(171,'aaa12345169','10000:5d3a327533c5d2512b43444e9b5bc69e01110383c86d4d3a:e1eb6dc3e4366359a346519e8ae0b442b2fb2a0df824986f','female','aaa12345169@zan.com',1,'2017-05-21 06:31:06'),(172,'aaa12345170','10000:ebc34591a529af1ea17796bd1e3c15a4453aaa0c04d25b6f:23e27bdda34bf76ee12590ea81db22f212d8bcf94e1061bd','male','aaa12345170@zan.com',1,'2017-05-21 06:31:06'),(173,'aaa12345171','10000:8f80b7b0f41e9d336907aeddb5b73c52770532cf15b4fada:44ab2361faa8fb0088077d82125cde6ecfa2a7317e832f12','male','aaa12345171@zan.com',1,'2017-05-21 06:31:06'),(174,'aaa12345172','10000:c378aff6b32a491fdf408f693fc6e0ac5e46961cad221769:10574ef7e0c6d2727851556ca5cb7b585862e26bcf306ba2','female','aaa12345172@zan.com',1,'2017-05-21 06:31:06'),(175,'aaa12345173','10000:f0f3b4033b077faa546977279239d17f3af1ffdcde336a98:3bd426fbe14198def29bfa98775bdd2b05c09f616a8f1e6b','male','aaa12345173@zan.com',1,'2017-05-21 06:31:06'),(176,'aaa12345174','10000:ab83412beab52dbe91d5915f94ac2cbc756d9da9b59ab3e5:75ac610074537634a30cdc2d6b19d385c072c412adcd3dff','male','aaa12345174@zan.com',1,'2017-05-21 06:31:06'),(177,'aaa12345175','10000:4c4e506aee66dc32992b4bb1041a48b88f84fe7d75282569:5c8218f30e76c746fc5b8ee9715bc43171a6255696814bff','male','aaa12345175@zan.com',1,'2017-05-21 06:31:06'),(178,'aaa12345176','10000:797856e73b539960b7b250e728a2987aee68d90697262751:fe82d6663832ec553d2dc0ad23b433e4a3a89ddff95bcf27','female','aaa12345176@zan.com',1,'2017-05-21 06:31:06'),(179,'aaa12345177','10000:ba81b9e2f9729334aab3d0e3616799524f80df04b1061830:2f3e8a49e87c1d916817482cf8836f9ddd3b5897f4bee7ed','male','aaa12345177@zan.com',1,'2017-05-21 06:31:06'),(180,'aaa12345178','10000:86db7264b6735ca212c1dc9ec235e55f93b61abcfc3b4e94:56ceec53cb47e91a9c6f9e70073119a5ea8300275f3528e7','female','aaa12345178@zan.com',1,'2017-05-21 06:31:06'),(181,'aaa12345179','10000:b1c5fd68ad5cc48907ebab0e21fb3f7a8c667a95f5be7fa9:e91063ed57b99e2639dcd712b4469a6127461b5a1bc2d497','male','aaa12345179@zan.com',1,'2017-05-21 06:31:06'),(182,'aaa12345180','10000:467d57d422fdaaf0110f8b6b07a82c9298bc1d80da51effe:c2f1974465e4c4464333cdc613fc7906ceb434c97ce585bd','male','aaa12345180@zan.com',1,'2017-05-21 06:31:07'),(183,'aaa12345181','10000:255184ef556defd4b6dac9a59b4e3df369babe020b5bd73a:c76fe71f1638ad42350dc02a07289bb123e62ef9a008038a','female','aaa12345181@zan.com',1,'2017-05-21 06:31:07'),(184,'aaa12345182','10000:544f55700f5ed6ccc7436d1979eb8b3fe416a603aeb2f502:263c02a3abe8939cfb6be98cba77327758de1545149ae04f','female','aaa12345182@zan.com',-2,'2017-05-21 06:31:07'),(185,'aaa12345183','10000:ea3ed4502e4223b1232bce6b12e4b1f4e18fb55db62aab43:b2021490d9000419a701d832212829178aaf9f3d8b8af388','female','aaa12345183@zan.com',1,'2017-05-21 06:31:07'),(186,'aaa12345184','10000:614dc8445382ca0fee911a11e858db149be694e2156fabfb:e31f41f10d00b82a4202d39b6a5afc001f080db47e6384ca','female','aaa12345184@zan.com',-2,'2017-05-21 06:31:07'),(187,'aaa12345185','10000:8f6a2bd9d6695db20e6e47eb1b8680820d6d5e9d4b5a5b46:c55fbee347888d151a46d0eb3d6697f97fea3508d107df8f','female','aaa12345185@zan.com',1,'2017-05-21 06:31:07'),(188,'aaa12345186','10000:9b52d4228105012902146de5d05d74b94cb908e94cd4b9c6:a8e8c010c055948d07ebe3f0de8319a53c4781eba0009b56','male','aaa12345186@zan.com',-2,'2017-05-21 06:31:07'),(189,'aaa12345187','10000:2959176d767cbf3635a41126f86204f969445bb487bb64f1:951b5bc18b530d4cc6b018b0010ab7bca5601777c819ca19','male','aaa12345187@zan.com',1,'2017-05-21 06:31:07'),(190,'aaa12345188','10000:7a93fe03c7b0cdf20e2b7c8f843519388f91248896d4e667:42d51eca1edf6ec4344a1b2c54877df0a25a8afd079134c8','female','aaa12345188@zan.com',1,'2017-05-21 06:31:07'),(191,'aaa12345189','10000:7ebc59347d4e222bcf3a5d2b02bdb022ba63d539e25e042e:6bbb9639b15fbd3836402d507a7239d22c825ef78a8f7d89','male','aaa12345189@zan.com',-2,'2017-05-21 06:31:07'),(192,'aaa12345190','10000:e9d24b6d377a357fb82d4617fa68a287524a8c719ed9b2e3:e72d97be41586634362df6352120baebf8e9d5b49baa5014','female','aaa12345190@zan.com',1,'2017-05-21 06:31:07'),(193,'aaa12345191','10000:229f3aee50a14a414543f34ffcc09704f9d753f057e8b93e:4b69c06f8f578572ae2fe30fef1ab959b5244b39e0b53604','male','aaa12345191@zan.com',1,'2017-05-21 06:31:07'),(194,'aaa12345192','10000:d205128496d33b434f06d74d1a714f3e376a6da3377ea5c7:0b2f4622bbc56a67268fe5906ce9b3da92281ac423b4af70','female','aaa12345192@zan.com',1,'2017-05-21 06:31:07'),(195,'aaa12345193','10000:4b31de566f89a2651f1eaadb168067d4c26a5300653b38e6:4dbd5f46e998886c2fe5b1b4f36742e121c0303391832ce0','female','aaa12345193@zan.com',1,'2017-05-21 06:31:07'),(196,'aaa12345194','10000:1f7d6c568f2deb9fcefba21af59a08c3831d0da344e13e09:6ab9bb02a33a03b550039263b66bad972c12cc89f815684f','female','aaa12345194@zan.com',1,'2017-05-21 06:31:07'),(197,'aaa12345195','10000:a943441e6afb475371fcc2f2b9b153836818ca8334622ee6:294145d9b0acd6a133e8aeb457398ca42ef352f765d3f2c0','male','aaa12345195@zan.com',1,'2017-05-21 06:31:07'),(198,'aaa12345196','10000:e47837302c5f8eb191506727c375b80ae1047eee1cc0fa8e:a24fbee070b5a615a69c3e784fc5490ab577620226fbeb35','male','aaa12345196@zan.com',1,'2017-05-21 06:31:08'),(199,'aaa12345197','10000:5d073776c5bb862f55ff1b1e105e0384fbdf7c59852872c8:094aa93b1164d4f0ac676cdeab86da646c3cde2728cc508c','male','aaa12345197@zan.com',1,'2017-05-21 06:31:08'),(200,'aaa12345198','10000:af760f9b1fab70eda6ced83d324cb00a31721621bdc6cf41:8b7290d0cc45827d5ff913ae36280f31130f819c7c55b803','male','aaa12345198@zan.com',1,'2017-05-21 06:31:08'),(201,'aaa12345199','10000:e637cc8237731d634e96991e8bd08ad398ed889d0084dcb2:966d2f95801b0b14791c77303552901da6dfd17bf9d44ae1','female','aaa12345199@zan.com',1,'2017-05-21 06:31:08'),(202,'aaa12345200','10000:0e89d4737a81a25a6cebbfe7ffa06cce3db4fbcd7ea0f490:3bfc2e5957ca4125aff6ac16f7b1549b95c512c0c1965308','female','aaa12345200@zan.com',1,'2017-05-21 06:31:08'),(203,'aaa12345201','10000:3395c34fc0b010d8ab8ee7f4e249f64d5d13b3d378613594:0d68f0c09299174a2fb8c64445c41c2aea6ffca458f7ebc4','male','aaa12345201@zan.com',1,'2017-05-21 06:31:08'),(204,'aaa12345202','10000:d5e278960ecea3b8fce2a512585d46a23fb73f7d9b11955b:2bd81bce8163ac3bf8f33997081383d9ba18424ae5681cd8','male','aaa12345202@zan.com',1,'2017-05-21 06:31:08'),(205,'aaa12345203','10000:563d1eb75e6d206a2bbd20125a1f366f447a2cc11f07ca0e:e195e9955b6f01b95e7039e80c84f0cd3e50131c0d582b19','male','aaa12345203@zan.com',1,'2017-05-21 06:31:08'),(206,'aaa12345204','10000:febb2ff02653b32f975add49ba00bf3692291390c25e38ea:bc6ac2de0404c0dec10f5cd993eda4966ba9d1b4502c1362','female','aaa12345204@zan.com',1,'2017-05-21 06:31:08'),(207,'aaa12345205','10000:e32a099b8476b10e27287577a4945880627e2178a4063f75:391edfa662607f5823898a43de83c244e6c4e55c6595df4f','male','aaa12345205@zan.com',1,'2017-05-21 06:31:08'),(208,'aaa12345206','10000:54943dc2768e4878b63a12d4327426eaf5080543b30c5b28:91e8c617c2eb20ba551bc44e11ca21485c606f800c8612af','female','aaa12345206@zan.com',1,'2017-05-21 06:31:08'),(209,'aaa12345207','10000:9b87aaa9142eec36912d5dac86bcab16d0a79412799a6c96:92c209e4faf7f24df0fe4f9cb2b2fefdd7c461ff79e4ea0f','male','aaa12345207@zan.com',1,'2017-05-21 06:31:08'),(210,'aaa12345208','10000:695d4b3311b91e012dd9152a6542f92aa36a206a7a13cfba:859ab4f07f2a07c6bcb8ba7e0b4f863e4daaa45196409c40','male','aaa12345208@zan.com',1,'2017-05-21 06:31:08'),(211,'aaa12345209','10000:2ec9d6ebd4e54e2eb96260df2681a4f5c9953f0f1d05238d:d5030882913ee52cb015ecf132b95593406a7f3d060af5c2','male','aaa12345209@zan.com',1,'2017-05-21 06:31:08'),(212,'aaa12345210','10000:73b3302eca692b8cee46cba13ffd5f1295c35746a1f4ab42:51261050e7e679d5cd1dbe8a6f8ed662e64b8f9aa49303e4','male','aaa12345210@zan.com',1,'2017-05-21 06:31:08'),(213,'aaa12345211','10000:416183ca86920ee2431fa1f0d24d1cdd5d26ccd1dfc9be00:4bd06f9be8d870dd62779628f1a2702563d7072fd2d3730c','female','aaa12345211@zan.com',1,'2017-05-21 06:31:08'),(214,'aaa12345212','10000:bdcfce38cdb0b2da67478206e784100ea3497b61d94cd972:44287c4b2e6f5d268db431958b5b33a5ba0a967551bd839f','female','aaa12345212@zan.com',1,'2017-05-21 06:31:09'),(215,'aaa12345213','10000:6cd48f4b229b4d7f528409077d6415d078edd6db4ed6cc5d:417a72127ba38cdec4bc3db320faf72baa63ca23be72b238','female','aaa12345213@zan.com',1,'2017-05-21 06:31:09'),(216,'aaa12345214','10000:ce92806a0976264da7fbdf0d7334d4ab9858b28e70f3fdf6:a29043d959b75918a11c04de7e6d70e24968cab373d776cc','male','aaa12345214@zan.com',1,'2017-05-21 06:31:09'),(217,'aaa12345215','10000:75d47e7ecbe96bb3f95d39c2694ae9e00d0a6636ef496a8f:29163d543c1b61adb21df7c4c74c6a7d07e83de18c7a8083','male','aaa12345215@zan.com',1,'2017-05-21 06:31:09'),(218,'aaa12345216','10000:48a5f725cd3926f4bbb940f2df22fb90f0e659a071d07029:22e48d31a895415492124a2b0b0d6ad17e173e2d746b7eda','female','aaa12345216@zan.com',1,'2017-05-21 06:31:09'),(219,'aaa12345217','10000:7872f605b094507f795b05ba27f1008267238951a4fe2d32:bb4ec7b44768e017e33be7113dc56157a09e16bd5613e2f4','female','aaa12345217@zan.com',1,'2017-05-21 06:31:09'),(220,'aaa12345218','10000:a3dae84e203aa46be6f715719f690235a773d82512a7310d:c129ba2416436c7f450bab2f088d47b74cc6cf021e879614','female','aaa12345218@zan.com',1,'2017-05-21 06:31:09'),(221,'aaa12345219','10000:93ab0b9350389e5b41b24c39b7b5c47a3806a5d1e68985ba:5d9c4bbb2ad39a295d3e17e04eb6ffbaf86a3133a4b3586f','female','aaa12345219@zan.com',1,'2017-05-21 06:31:09'),(222,'aaa12345220','10000:e7d2f60ae0d2975314204b0f673668212b8d73a868893fb3:cdf15cb451edbdf0afc0f586ff441b5dff12c13123569fa4','male','aaa12345220@zan.com',1,'2017-05-21 06:31:09'),(223,'aaa12345221','10000:e9d167804944610a9bda899d7a95d69045de0e30f1bea390:e48fc6c62fd7b9f5699342b6dcf00bb33b0f7962468942d7','female','aaa12345221@zan.com',1,'2017-05-21 06:31:09'),(224,'aaa12345222','10000:14475e1cabd958a570af3ee721a75502a4586efa01d0be06:ea73e1ff89cad9224f413a2e936f18333376d099776cca96','female','aaa12345222@zan.com',1,'2017-05-21 06:31:09'),(225,'aaa12345223','10000:6cd1389fccc348dab83b6d990689e26d76a470efabd5d371:6a1f2075d2fe900c99f6bd8b6150c485e6cd653a0382c2d4','female','aaa12345223@zan.com',1,'2017-05-21 06:31:09'),(226,'aaa12345224','10000:05e6c345594aefff35268f1ca6a1b1d8f266cf0b8fab43ae:f610fc38fb44dc7c0bc05e3dcb22e487f368247128e350b1','male','aaa12345224@zan.com',1,'2017-05-21 06:31:09'),(227,'aaa12345225','10000:488d3520601c927dc9c6d7377ccf36c99e83011342e87e58:83b1a636da150dfa9b2fad3d7cc953b85b17dc95d6803104','male','aaa12345225@zan.com',1,'2017-05-21 06:31:09'),(228,'aaa12345226','10000:e875511d53a0ca961a66264f2cc45bee01a8d51c43a2906b:fc922a60fd92df6526b75b576e2f0295c6ed893ced80a3af','male','aaa12345226@zan.com',1,'2017-05-21 06:31:09'),(229,'aaa12345227','10000:4cb4be46900a7eca9116a2bb7302cb9f2a0e54d95649a642:69fd821b043a60ba3adebf9c66139688c28a6eff47199c00','male','aaa12345227@zan.com',1,'2017-05-21 06:31:10'),(230,'aaa12345228','10000:7eabe156160ee5ba37ca8f710ec424452e58fcde500c67ae:2f2f93f0807b2e5e010074c44cac0976b37ec62743ba7311','female','aaa12345228@zan.com',1,'2017-05-21 06:31:10'),(231,'aaa12345229','10000:ccfbf1b5ad760b2a63e6e86b2f5f340060453958ac1a6914:8605ac92d149e3483ebae2c03ad33b851ed4e0fe38bbe9e2','male','aaa12345229@zan.com',1,'2017-05-21 06:31:10'),(232,'aaa12345230','10000:3a1bb10afd668a77ce83792dd26ccb0dfeb0cc58530ba790:a90c14ffe46bb0178ed0e6f6fd6456f8874211f9a4c406f9','male','aaa12345230@zan.com',1,'2017-05-21 06:31:10'),(233,'aaa12345231','10000:ded2fe1ed6488e0dfdde8723abd01daf5365991e30c78853:de8a7a417c90b881458dbc427f6d58920297eff936424bd5','male','aaa12345231@zan.com',1,'2017-05-21 06:31:10'),(234,'aaa12345232','10000:f007bfe5f8b33e0db82bfed05c853949ae32d3483d62fcc5:8c0754aba89f6b1eca63f98050e25d68811f373aceba31c1','female','aaa12345232@zan.com',1,'2017-05-21 06:31:10'),(235,'aaa12345233','10000:69f2596cbc5ae641c33c1b3d33280e3bf3a5c3f6125b5ecd:ddf273ba2fcc3618b5f29ff69a452682f76e5f0ae5b24719','female','aaa12345233@zan.com',1,'2017-05-21 06:31:10'),(236,'aaa12345234','10000:1196747dfe62e8fafdc502b200e1e15ee8d21a0b61911d35:e933f7d576d8c361766ce508758d013e5c7ba13182d04bbb','female','aaa12345234@zan.com',1,'2017-05-21 06:31:10'),(237,'aaa12345235','10000:7c18b928eaff9e17ff4ce66aa84946d807e82bc67cf62533:55a5c0904e44a04bbda8ed00a6976d355c9fba7d18e1f1c2','male','aaa12345235@zan.com',1,'2017-05-21 06:31:10'),(238,'aaa12345236','10000:7d6181ea2cbb29ed0843be7858a686a8965681a71bf10d71:21e1304b01935d16404aa56c283c07812ff76d9d7b9147b2','male','aaa12345236@zan.com',1,'2017-05-21 06:31:10'),(239,'aaa12345237','10000:4128eb1b6aebe670996df010455dc99c8ba962aec147aded:8b1ef21f3e626e8b7f8011cf7da46d17e2b32c768856a30a','female','aaa12345237@zan.com',1,'2017-05-21 06:31:10'),(240,'aaa12345238','10000:4dadb8568e808ac25e91c502580a44cb4a4193c7d9997c98:3b16b146a3274421e7a83482cdbee7b8b8bfec35b4677923','male','aaa12345238@zan.com',1,'2017-05-21 06:31:10'),(241,'aaa12345239','10000:0dcf715fc4f340305ce2b943905ceb5f8462a52486cadbc6:d21ca3cf5183055038eb00b48f17ce9d79d8c1a3cb2e2975','female','aaa12345239@zan.com',1,'2017-05-21 06:31:10'),(242,'aaa12345240','10000:51f08946308ffbc4e8a8178254e7c909ec473109f2cf1f0d:d0e8fb816d3c0f2d18e7754eec2a95003505065c98c9508e','male','aaa12345240@zan.com',1,'2017-05-21 06:31:10'),(243,'aaa12345241','10000:a95ece257e3ffbbbc19a9897072201a993ee7c6a17ba0bd5:5e0837ad0108239b122c5c634fd74352f99d02ab5837d4f3','female','aaa12345241@zan.com',1,'2017-05-21 06:31:10'),(244,'aaa12345242','10000:67da0f99a3f75746039772925228ddc29a35f5f19e336031:e00818dde9593c6a6a95b91c34c2ebd8b0edf63b3fefc02d','female','aaa12345242@zan.com',1,'2017-05-21 06:31:10'),(245,'aaa12345243','10000:5c77d9c6799ff9d698cffa301b41ee2213c51eec34e7e48b:a558a2906b9ce3e79c4e66845cc406f97c9c162efa9c4d1a','female','aaa12345243@zan.com',1,'2017-05-21 06:31:10'),(246,'aaa12345244','10000:e26ae2da58adb99b06bd7ce391197a5f5068f20ddf92046a:7f8cefef2ca80ff4a058ac4d20ce5474dae2137ba5e50787','male','aaa12345244@zan.com',-2,'2017-05-21 06:31:11'),(247,'aaa12345245','10000:ac85e4d94e7adaa554ac13f363e9db5302956a14f7ac5e40:7a09599bc428e04d4427418049e2933bf19b7eb259cdbe06','male','aaa12345245@zan.com',1,'2017-05-21 06:31:11'),(248,'aaa12345246','10000:2965647371a74637e596c86d7b77a2eddcaf74d9ff5b21af:2078ecfd3b7360bb6f60a002fceb9cfdad7294c1f6ee6e67','female','aaa12345246@zan.com',-2,'2017-05-21 06:31:11'),(249,'aaa12345247','10000:ad2f006082198ea23fa751261daa81fd89a75ca09c25592e:a1324a29981658784ef81f6b0d03fd4a4626d9857244ace3','male','aaa12345247@zan.com',1,'2017-05-21 06:31:11'),(250,'aaa12345248','10000:983f6c36725c1463c66857162cb8ccc20dcf3242c668f46b:11a7c6c94238c2041d859d98b1cd773e0d2365c4fca63ee1','male','aaa12345248@zan.com',1,'2017-05-21 06:31:11'),(251,'aaa12345249','10000:bbd6a241675467757b050757309e1d7d3f91420b4b1450de:4dc9707728ee0890921431305e3de8812bc371c0c51e1d83','male','aaa12345249@zan.com',1,'2017-05-21 06:31:11'),(252,'aaa12345250','10000:7254b7d1bf5b27b27fe5bae31029e12308ebb39d4667b596:dd3d18a2063a4790cd544da7e75dc76c0ae4aa54e56dc471','male','aaa12345250@zan.com',1,'2017-05-21 06:31:11'),(253,'aaa12345251','10000:a8421a99deb2ab821181a9b175cb081d3cbcff8db10f4f05:ba2944a9a7b31d35844d838eaf48446774fc85f8beca3023','male','aaa12345251@zan.com',-2,'2017-05-21 06:31:11'),(254,'aaa12345252','10000:502b503cb43bc0a84aae2ad1575f392428fe9a8446d9b089:a227e65807cf51b08d09f56f7468c0c239d08411c7b4e79c','male','aaa12345252@zan.com',1,'2017-05-21 06:31:11'),(255,'aaa12345253','10000:fa9b191a4d1c73a86e68278b76b984e1badf425e35cb2d00:336cd0a86b7d6e2610566f1c74e2a752d5e6a2a228c65c37','female','aaa12345253@zan.com',1,'2017-05-21 06:31:11'),(256,'aaa12345254','10000:3b8d4918a8c0ad9f71392bc64e5b87a38749c8af3d4df7fc:a6be38607e3f133a47efc8899f26851d54ad0ba185929526','male','aaa12345254@zan.com',-2,'2017-05-21 06:31:11'),(257,'小怪兽1号','10000:6ed6c28cdf0697d053407bf3c8d8b6d264eff62bbbb6b79d:b380065e77b7fb6bd29099768811c25a060d02fec45ed47b','male','guai@show.com',1,'2017-05-21 06:59:55'),(258,'小怪兽2号','10000:9a27b359f695966e25701c92b3219f34c5005b5818fd399b:078c480f3b9c2600331803fd038fd0bf15d0acb8da76e58c','female','guai@222.com',1,'2017-05-21 07:01:33'),(259,'哥斯拉','10000:58e99ff72753af91adada2de76b49c2e84a4fa6c49e3ca44:a1cb77b0fc4f22061eb1b69136eda245153effb45d4f40d2','male','gesila@qwe.com',1,'2017-05-21 07:01:57'),(260,'毕达哥斯拉','10000:0c276a5c1613fa200491c6d85626a1a165d3b4a677194b0e:efd8e78e32ad785ae5d38db02f8c0c40d612643fa252adcc','male','bi@da.com',1,'2017-05-21 07:02:23'),(261,'奥特曼1号','10000:b888fdfb87140792470bb6c185ae2b33f3259a2565ceb09d:d81fc57879c59d564de85bb7d27a0898a79f366c4b989b48','male','ao@slow.com',1,'2017-05-21 07:03:07'),(262,'奥特曼2号','10000:4b3d0d900987eecab71cc0677b3f8bad908bb1fc7f02a30a:d5c0090babb4152f1f36a7eee7a44227cab5fdebaa604432','male','2@ao.com',1,'2017-05-21 07:03:23'),(263,'雷特奥特曼','10000:27c688084470aff86628c88b6f67718289443481097b7954:2b1969ab041b168101bb75c3c9aada34094449bea1dca521','male','leite@12.com',1,'2017-05-21 07:03:52'),(264,'迪迦奥特曼','10000:f746edcdb7f7e4b0c33b53d5171642e1891297238c0f1d5f:84e1a10eeaa1de867d6126bd24b67a2212a813ef1076ce78','male','dijia@e.com',1,'2017-05-21 07:04:12'),(265,'咸蛋超人','10000:9d73b188c656c9748c48ed8ff73265eaa5d433f75bc51a2e:f4d9214a8c1580db20148e182db5712c649859f939a85694','male','12@12.com',1,'2017-05-21 07:04:26'),(266,'某奥特曼','10000:a99269651c42987b75a5b09338bfcfc72219be88178144cd:6fdb6ec3e65a66dbcca9b68f44561aaa1d5a986f9c22ef0b','female','mou@12.com',1,'2017-05-21 07:05:06'),(267,'路人甲','10000:b458a96b6085f3952bb2d95f6a9d7e7251de31040d007482:f0057cda9a1290307fd09c6043b84bbaa1545bc31b3d103a','secret','luren@lu.com',1,'2017-05-21 07:05:27'),(268,'水瓶座1号','10000:028d53714bad895bdfb9d244e1df8545690c9b26126ab546:6df502b990e47c0012efd77e3b8e262dabec857b59e4d969','secret','shui@water.com',-2,'2017-05-21 07:06:08'),(269,'admin','10000:089fe438a7132cacaf9457951f42bf4ccac6b2f725469242:4adce36a484d6e09b196e16bd18ca3bb2a6f20ad5e7bfe12','male','admin@admin.com',1,'2017-05-21 09:11:58'),(270,'user','10000:64115bcb0364ea722e8023004110bbe48e31eb8c7fa364ec:e68b14a592a0d1b71e61efb21a465c38afe65df5fddc4898','female','user@user.com',1,'2017-05-21 09:12:22'),(271,'新人1号','10000:20c764c0a08f9db31e93873529d3cfb623ef577724c6cfe8:f8731d06fa9e50fafaf061e7dedb3d965a1714219a0c9803','male','xinxin@xin.com',0,'2017-05-21 09:52:55'),(272,'大本钟','10000:49ebf384879b93db74cc62201f97a1ec6cf77eb215ac2223:ff1927dc45beb0a8cfcdc436cea051f562b367acced8edfe','male','12@q2.com',0,'2017-05-21 09:53:10');
/*!40000 ALTER TABLE `user` ENABLE KEYS */;
UNLOCK TABLES;

--
-- Table structure for table `user_role`
--

DROP TABLE IF EXISTS `user_role`;
/*!40101 SET @saved_cs_client     = @@character_set_client */;
/*!40101 SET character_set_client = utf8 */;
CREATE TABLE `user_role` (
  `user_role_id` bigint(15) unsigned NOT NULL AUTO_INCREMENT,
  `user_id` bigint(15) unsigned NOT NULL,
  `role` varchar(50) NOT NULL,
  PRIMARY KEY (`user_role_id`)
) ENGINE=InnoDB AUTO_INCREMENT=276 DEFAULT CHARSET=utf8;
/*!40101 SET character_set_client = @saved_cs_client */;

--
-- Dumping data for table `user_role`
--

LOCK TABLES `user_role` WRITE;
/*!40000 ALTER TABLE `user_role` DISABLE KEYS */;
INSERT INTO `user_role` VALUES (1,1,'user'),(2,1,'admin'),(3,1,'root'),(4,2,'user'),(5,3,'user'),(6,4,'user'),(7,5,'user'),(8,6,'user'),(9,7,'user'),(10,8,'user'),(11,9,'user'),(12,10,'user'),(13,11,'user'),(14,12,'user'),(15,13,'user'),(16,14,'user'),(17,15,'user'),(18,16,'user'),(19,17,'user'),(20,18,'user'),(21,19,'user'),(22,20,'user'),(23,21,'user'),(24,22,'user'),(25,23,'user'),(26,24,'user'),(27,25,'user'),(28,26,'user'),(29,27,'user'),(30,28,'user'),(31,29,'user'),(32,30,'user'),(33,31,'user'),(34,32,'user'),(35,33,'user'),(36,34,'user'),(37,35,'user'),(38,36,'user'),(39,37,'user'),(40,38,'user'),(41,39,'user'),(42,40,'user'),(43,41,'user'),(44,42,'user'),(45,43,'user'),(46,44,'user'),(47,45,'user'),(48,46,'user'),(49,47,'user'),(50,48,'user'),(51,49,'user'),(52,50,'user'),(53,51,'user'),(54,52,'user'),(55,53,'user'),(56,54,'user'),(57,55,'user'),(58,56,'user'),(59,57,'user'),(60,58,'user'),(61,59,'user'),(62,60,'user'),(63,61,'user'),(64,62,'user'),(65,63,'user'),(66,64,'user'),(67,65,'user'),(68,66,'user'),(69,67,'user'),(70,68,'user'),(71,69,'user'),(72,70,'user'),(73,71,'user'),(74,72,'user'),(75,73,'user'),(76,74,'user'),(77,75,'user'),(78,76,'user'),(79,77,'user'),(80,78,'user'),(81,79,'user'),(82,80,'user'),(83,81,'user'),(84,82,'user'),(85,83,'user'),(86,84,'user'),(87,85,'user'),(88,86,'user'),(89,87,'user'),(90,88,'user'),(91,89,'user'),(92,90,'user'),(93,91,'user'),(94,92,'user'),(95,93,'user'),(96,94,'user'),(97,95,'user'),(98,96,'user'),(99,97,'user'),(100,98,'user'),(101,99,'user'),(102,100,'user'),(103,101,'user'),(104,102,'user'),(105,103,'user'),(106,104,'user'),(107,105,'user'),(108,106,'user'),(109,107,'user'),(110,108,'user'),(111,109,'user'),(112,110,'user'),(113,111,'user'),(114,112,'user'),(115,113,'user'),(116,114,'user'),(117,115,'user'),(118,116,'user'),(119,117,'user'),(120,118,'user'),(121,119,'user'),(122,120,'user'),(123,121,'user'),(124,122,'user'),(125,123,'user'),(126,124,'user'),(127,125,'user'),(128,126,'user'),(129,127,'user'),(130,128,'user'),(131,129,'user'),(132,130,'user'),(133,131,'user'),(134,132,'user'),(135,133,'user'),(136,134,'user'),(137,135,'user'),(138,136,'user'),(139,137,'user'),(140,138,'user'),(141,139,'user'),(142,140,'user'),(143,141,'user'),(144,142,'user'),(145,143,'user'),(146,144,'user'),(147,145,'user'),(148,146,'user'),(149,147,'user'),(150,148,'user'),(151,149,'user'),(152,150,'user'),(153,151,'user'),(154,152,'user'),(155,153,'user'),(156,154,'user'),(157,155,'user'),(158,156,'user'),(159,157,'user'),(160,158,'user'),(161,159,'user'),(162,160,'user'),(163,161,'user'),(164,162,'user'),(165,163,'user'),(166,164,'user'),(167,165,'user'),(168,166,'user'),(169,167,'user'),(170,168,'user'),(171,169,'user'),(172,170,'user'),(173,171,'user'),(174,172,'user'),(175,173,'user'),(176,174,'user'),(177,175,'user'),(178,176,'user'),(179,177,'user'),(180,178,'user'),(181,179,'user'),(182,180,'user'),(183,181,'user'),(184,182,'user'),(185,183,'user'),(186,184,'user'),(187,185,'user'),(188,186,'user'),(189,187,'user'),(190,188,'user'),(191,189,'user'),(192,190,'user'),(193,191,'user'),(194,192,'user'),(195,193,'user'),(196,194,'user'),(197,195,'user'),(198,196,'user'),(199,197,'user'),(200,198,'user'),(201,199,'user'),(202,200,'user'),(203,201,'user'),(204,202,'user'),(205,203,'user'),(206,204,'user'),(207,205,'user'),(208,206,'user'),(209,207,'user'),(210,208,'user'),(211,209,'user'),(212,210,'user'),(213,211,'user'),(214,212,'user'),(215,213,'user'),(216,214,'user'),(217,215,'user'),(218,216,'user'),(219,217,'user'),(220,218,'user'),(221,219,'user'),(222,220,'user'),(223,221,'user'),(224,222,'user'),(225,223,'user'),(226,224,'user'),(227,225,'user'),(228,226,'user'),(229,227,'user'),(230,228,'user'),(231,229,'user'),(232,230,'user'),(233,231,'user'),(234,232,'user'),(235,233,'user'),(236,234,'user'),(237,235,'user'),(238,236,'user'),(239,237,'user'),(240,238,'user'),(241,239,'user'),(242,240,'user'),(243,241,'user'),(244,242,'user'),(245,243,'user'),(246,244,'user'),(247,245,'user'),(248,246,'user'),(249,247,'user'),(250,248,'user'),(251,249,'user'),(252,250,'user'),(253,251,'user'),(254,252,'user'),(255,253,'user'),(256,254,'user'),(257,255,'user'),(258,256,'user'),(259,257,'user'),(260,258,'user'),(261,259,'user'),(262,260,'user'),(263,261,'user'),(264,262,'user'),(265,263,'user'),(266,264,'user'),(267,265,'user'),(268,266,'user'),(269,267,'user'),(270,268,'user'),(271,269,'user'),(272,270,'user'),(273,269,'admin'),(274,271,'user'),(275,272,'user');
/*!40000 ALTER TABLE `user_role` ENABLE KEYS */;
UNLOCK TABLES;

--
-- Table structure for table `user_usergroup`
--

DROP TABLE IF EXISTS `user_usergroup`;
/*!40101 SET @saved_cs_client     = @@character_set_client */;
/*!40101 SET character_set_client = utf8 */;
CREATE TABLE `user_usergroup` (
  `user_usergroup_id` bigint(15) unsigned NOT NULL AUTO_INCREMENT,
  `user_id` bigint(15) unsigned NOT NULL,
  `usergroup_id` bigint(15) unsigned NOT NULL,
  PRIMARY KEY (`user_usergroup_id`)
) ENGINE=InnoDB AUTO_INCREMENT=20 DEFAULT CHARSET=utf8;
/*!40101 SET character_set_client = @saved_cs_client */;

--
-- Dumping data for table `user_usergroup`
--

LOCK TABLES `user_usergroup` WRITE;
/*!40000 ALTER TABLE `user_usergroup` DISABLE KEYS */;
INSERT INTO `user_usergroup` VALUES (1,268,1),(2,267,1),(3,266,2),(4,264,2),(5,263,2),(6,262,2),(7,261,2),(8,265,2),(9,258,3),(10,257,3),(11,260,3),(12,259,3),(13,260,1),(14,265,1),(15,265,4),(16,267,4),(17,269,2),(18,269,3),(19,270,1);
/*!40000 ALTER TABLE `user_usergroup` ENABLE KEYS */;
UNLOCK TABLES;

--
-- Table structure for table `usergroup`
--

DROP TABLE IF EXISTS `usergroup`;
/*!40101 SET @saved_cs_client     = @@character_set_client */;
/*!40101 SET character_set_client = utf8 */;
CREATE TABLE `usergroup` (
  `usergroup_id` bigint(15) unsigned NOT NULL AUTO_INCREMENT,
  `name` varchar(50) NOT NULL,
  `description` varchar(100) NOT NULL DEFAULT '',
  `population` int(8) unsigned NOT NULL DEFAULT '0',
  `created` timestamp NOT NULL DEFAULT CURRENT_TIMESTAMP,
  PRIMARY KEY (`usergroup_id`)
) ENGINE=InnoDB AUTO_INCREMENT=5 DEFAULT CHARSET=utf8;
/*!40101 SET character_set_client = @saved_cs_client */;

--
-- Dumping data for table `usergroup`
--

LOCK TABLES `usergroup` WRITE;
/*!40000 ALTER TABLE `usergroup` DISABLE KEYS */;
INSERT INTO `usergroup` VALUES (1,'水瓶座','水瓶座的伙伴小组',5,'2017-05-21 06:43:19'),(2,'奥特曼','M78星云的同学请进入参加集体会议',7,'2017-05-21 06:44:31'),(3,'小怪兽','只是别人眼中的怪物而已',5,'2017-05-21 06:44:52'),(4,'食品监督会','',2,'2017-05-21 07:11:04');
/*!40000 ALTER TABLE `usergroup` ENABLE KEYS */;
UNLOCK TABLES;
/*!40103 SET TIME_ZONE=@OLD_TIME_ZONE */;

/*!40101 SET SQL_MODE=@OLD_SQL_MODE */;
/*!40014 SET FOREIGN_KEY_CHECKS=@OLD_FOREIGN_KEY_CHECKS */;
/*!40014 SET UNIQUE_CHECKS=@OLD_UNIQUE_CHECKS */;
/*!40101 SET CHARACTER_SET_CLIENT=@OLD_CHARACTER_SET_CLIENT */;
/*!40101 SET CHARACTER_SET_RESULTS=@OLD_CHARACTER_SET_RESULTS */;
/*!40101 SET COLLATION_CONNECTION=@OLD_COLLATION_CONNECTION */;
/*!40111 SET SQL_NOTES=@OLD_SQL_NOTES */;

-- Dump completed on 2017-05-21 18:47:09
